<?xml version="1.0" encoding="UTF-8"?>

<screen-definitions>

  <screen name="SHOW_REPORT_MENU" template="/jsp/triggers/show_report_menu.jsp"/>

  <screen name="DRUG_MAIN" template="/jsp/drug/root.jsp"/>
  
  <screen name="DRUG_WORKAREAD" template="/jsp/drug/workarea_drug.jsp"/>  
  <screen name="DRUG_EMPTY_PAGE" template="/jsp/drug/empty_page.jsp"/>
  
  <screen name="DRUG_TOP" template="/jsp/drug/top.jsp"/>   
  
  <screen name="DRUG_RIGHTCONTAINER" template="/jsp/drug/right/container.jsp"/>
  <screen name="DRUG_RIGHT" template="/jsp/drug/right.jsp"/> 
  
  <screen name="DRUG_LEFTCONTAINER" template="/jsp/drug/left/container.jsp"/>
  <screen name="DRUG_LEFT" template="/jsp/drug/left.jsp"/>
  <screen name="DRUG_LEFTORDERS" template="/jsp/drug/left/orders.jsp"/>   
  
   <screen name="DRUG_FILL_DIV" template="/jsp/drug/commands/update_div_with_parameter.jsp"/>
  
  <screen name="DRUG_LEFT_MODE_SELECTOR" template="/jsp/drug/left/mode_selector.jsp"/>
  
  <screen name="DRUG_GENERATE_SEED" template="/jsp/drug/commands/generate_seed.jsp"/>
  <screen name="DRUG_UPDATE_PROGRESS" template="/jsp/drug/commands/update_progress.jsp"/>
  <screen name="DRUG_UPDATE_CODE_LIST" template="/jsp/drug/commands/update_code_list.jsp"/>
  <screen name="DRUG_UPDATE_RNDNO_LIST" template="/jsp/drug/commands/update_rndno_list.jsp"/>
  <screen name="DRUG_UPDATE_KIT_LIST" template="/jsp/drug/commands/update_kit_list.jsp"/>
  <screen name="DRUG_SEND_KIT_DIALOG" template="/jsp/drug/commands/send_kit_dialog.jsp"/>
  <screen name="DRUG_VERIFY_USER" template="/jsp/drug/commands/verify_user.jsp"/>
  <screen name="DRUG_FORWARD_COMMAND" template="/jsp/drug/commands/forward_command.jsp"/>
  <screen name="DRUG_PAGING" template="/jsp/drug/commands/paging.jsp"/>
  <screen name="DRUG_KIT_VERIFICATION_COMMAND" template="/jsp/drug/commands/kit_verification_command.jsp"/>
  <screen name="DRUG_SHIP_ASS_COMMAND" template="/jsp/drug/commands/shipment_assessment_command.jsp"/>
  <screen name="DRUG_DOWNLOAD_BLINDED_FILE" template="/jsp/drug/commands/download_blinded_file.jsp"/>
  <screen name="DRUG_KIT_VERIFICATION_CMD" template="/jsp/drug/commands/kit_verification_command.jsp"/>
  <screen name="DRUG_UPDATE_EXPECTED_QTY" template="/jsp/drug/commands/update_expected_quanties.jsp"/>
  <screen name="DRUG_UPDATE_QUANTITY_FOR_RANGE" template="/jsp/drug/commands/update_quantity_kit_range.jsp"/>
  <screen name="DRUG_FILL_EDT_BATCH_SUBSET_DLG" template="/jsp/drug/commands/fill_edit_batch_subset_dialog.jsp"/>
  <screen name="DRUG_NEW_ELEMENT" template="/jsp/drug/commands/new_element.jsp"/>
  
   <screen name="DRUG_UPLOAD_FINISHED" template="/jsp/drug/commands/upload_finished.jsp"/>
   <screen name="DRUG_EXPORT_LIST" template="/jsp/drug/commands/export_list.jsp"/>  
   <screen name="DRUG_RIGHTCONTAINER_RELOAD" template="/jsp/drug/commands/reload_rightcontainer.jsp"/>
   <screen name="DRUG_LEFT_AND_RIGHT_RELOAD" template="/jsp/drug/commands/reload_left_and_right.jsp"/>
 </screen-definitions>
