<?xml version="1.0" encoding="ISO-8859-1"?>
<request-mappings>

	<url-mapping url="/triggers/show_report_menu" screen="SHOW_REPORT_MENU"/> 

    <url-mapping url="/" screen="DRUG_MAIN"/>
    <url-mapping url="/main" screen="DRUG_MAIN"/>
	<url-mapping url="/workarea_drug" screen="DRUG_WORKAREAD"/>	
	<url-mapping url="/empty_page" screen="DRUG_EMPTY_PAGE"/>
	
	<url-mapping url="/top" screen="DRUG_TOP"/>
	
	<url-mapping url="/right/container" screen="DRUG_RIGHTCONTAINER"/>
	<url-mapping url="/right" screen="DRUG_RIGHT"/>		
	
	<url-mapping url="/left/container" screen="DRUG_LEFTCONTAINER"/>
	<url-mapping url="/left/orders" screen="DRUG_LEFTORDERS"/>
	<url-mapping url="/left/mode_selector" screen="DRUG_LEFT_MODE_SELECTOR"/>
	
	<url-mapping url="/left" screen="DRUG_LEFT"/>	
	
	<url-mapping url="/right/periodic_review_export">
		<request-handler-class>com.as.drug.export.csv.gui.ServletCSV</request-handler-class>
	</url-mapping>
	<url-mapping url="/right/exportConfigurationToSql">
		<request-handler-class>com.as.drug.gui.servlet.ServletExportToSql</request-handler-class>
	</url-mapping>
	
	<url-mapping url="/right/export_unblinded_file">
		<request-handler-class>com.as.drug.gui.export.blindedfile.ServletBlindedFile</request-handler-class>
	</url-mapping>
	
	<url-mapping url="/right/export_shipment_file">
		<request-handler-class>com.as.drug.gui.servlet.ServletShipmentFile</request-handler-class>
	</url-mapping>
	
	<url-mapping url="/authorize_key" screen="DRUG_RIGHTCONTAINER_RELOAD">
		<request-handler-class>com.as.drug.gui.servlet.AuthorizeKey</request-handler-class>
	</url-mapping>
	
	<url-mapping url="/new_adaptive_run_folder" screen="DRUG_LEFT_AND_RIGHT_RELOAD">
		<request-handler-class>com.as.drug.gui.servlet.NewAdaptiveRunFolder</request-handler-class>
	</url-mapping>
	
	<url-mapping url="/runReports" screen="DRUG_RIGHTCONTAINER_RELOAD">
		<request-handler-class>com.as.drug.gui.servlet.RunReports</request-handler-class>
	</url-mapping>
	
	<url-mapping url="/exampleDateFormatJava" screen="DRUG_FILL_DIV">
		<request-handler-class>com.as.drug.gui.servlet.ExampleDateFormatJava</request-handler-class>
	</url-mapping>
	
	<url-mapping url="/exampleDateFormatDB" screen="DRUG_FILL_DIV">
		<request-handler-class>com.as.drug.gui.servlet.ExampleDateFormatDB</request-handler-class>
	</url-mapping>
	
	<url-mapping url="/runDesignEngine" screen="DRUG_LEFT_AND_RIGHT_RELOAD">
		<request-handler-class>com.as.drug.gui.servlet.RunDesignEngine</request-handler-class>
	</url-mapping>
	
	<url-mapping url="/releaseReports" screen="DRUG_RIGHTCONTAINER_RELOAD">
		<request-handler-class>com.as.drug.gui.servlet.ReleaseReports</request-handler-class>
	</url-mapping>
	
	<url-mapping url="/calculateDerivedData">
		<request-handler-class>com.as.drug.gui.servlet.CalculateDerivedData</request-handler-class>
	</url-mapping>
	
	<url-mapping url="/reOpenInterim" screen="DRUG_LEFT_AND_RIGHT_RELOAD">
		<request-handler-class>com.as.drug.gui.servlet.ReOpenInterim</request-handler-class>
	</url-mapping>
	
	<url-mapping url="/testRecipient" screen="DRUG_EMPTY_PAGE">
	<request-handler-class>com.as.drug.gui.servlet.TestRecipient</request-handler-class>
	</url-mapping>
	
	<url-mapping url="/right/mode_selector" screen="DRUG_RIGHT">
		<request-handler-class>com.as.drug.gui.servlet.ModeSelectorPageController</request-handler-class>
	</url-mapping>
	
	<url-mapping url="/right/reports/DRUG/report">
		<request-handler-class>com.as.drug.gui.RunReport</request-handler-class>
	</url-mapping>
	
	<url-mapping url="/save_drug_record" screen="DRUG_RIGHTCONTAINER">
		<request-handler-class>com.as.drug.gui.SaveRecord</request-handler-class>
	</url-mapping>
	
	<url-mapping url="/rollback_drug_record">
		<request-handler-class>com.as.drug.gui.RollbackRecord</request-handler-class>
	</url-mapping>
	
	<url-mapping url="/submit_import_file" screen="DRUG_RIGHTCONTAINER">
		<request-handler-class>com.as.drug.gui.ImportFile</request-handler-class>
	</url-mapping>
	
	<url-mapping url="/right/commands/generate_key" screen="DRUG_GENERATE_KEY"/>
	<url-mapping url="/commands/generate_key" screen="DRUG_GENERATE_KEY"/>
	
	<url-mapping url="/right/commands/generate_seed" screen="DRUG_GENERATE_SEED"/>
	<url-mapping url="/commands/generate_seed" screen="DRUG_GENERATE_SEED"/>
	
	<url-mapping url="/right/commands/update_progress" screen="DRUG_UPDATE_PROGRESS"/>
	<url-mapping url="/commands/update_progress" screen="DRUG_UPDATE_PROGRESS"/>
	
	<url-mapping url="/right/commands/sendkitdialog" screen="DRUG_SEND_KIT_DIALOG"/>
	<url-mapping url="/commands/sendkitdialog" screen="DRUG_SEND_KIT_DIALOG"/>
	
	<url-mapping url="/right/commands/forward_command" screen="DRUG_FORWARD_COMMAND"/>
	<url-mapping url="/commands/forward_command" screen="DRUG_FORWARD_COMMAND"/>
	
	<url-mapping url="/right/commands/paging" screen="DRUG_PAGING"/>
	<url-mapping url="/commands/paging" screen="DRUG_PAGING"/>
	
	<url-mapping url="/right/commands/shipment_assessment_command" screen="DRUG_SHIP_ASS_COMMAND"/>
	<url-mapping url="/commands/shipment_assessment_command" screen="DRUG_SHIP_ASS_COMMAND"/>
	
	<url-mapping url="/right/commands/download_blinded_file" screen="DRUG_DOWNLOAD_BLINDED_FILE"/>
	<url-mapping url="/commands/download_blinded_file" screen="DRUG_DOWNLOAD_BLINDED_FILE"/>
	
	<url-mapping url="/right/commands/kit_verification_command" screen="DRUG_KIT_VERIFICATION_CMD"/>
	<url-mapping url="/commands/kit_verification_command" screen="DRUG_KIT_VERIFICATION_CMD"/>
	
	<url-mapping url="/right/commands/update_expected_quanties" screen="DRUG_UPDATE_EXPECTED_QTY"/>
	<url-mapping url="/commands/update_expected_quanties" screen="DRUG_UPDATE_EXPECTED_QTY"/>
	
	<url-mapping url="/right/commands/update_quantity_kit_range" screen="DRUG_UPDATE_QUANTITY_FOR_RANGE"/>
	<url-mapping url="/commands/update_quantity_kit_range" screen="DRUG_UPDATE_QUANTITY_FOR_RANGE"/>
	
	<url-mapping url="/right/commands/fill_edit_batch_subset_dialog" screen="DRUG_FILL_EDT_BATCH_SUBSET_DLG"/>
	<url-mapping url="/commands/fill_edit_batch_subset_dialog" screen="DRUG_FILL_EDT_BATCH_SUBSET_DLG"/>
	
	<url-mapping url="/right/commands/new_element" screen="DRUG_NEW_ELEMENT"/>
	<url-mapping url="/commands/new_element" screen="DRUG_NEW_ELEMENT"/>
	
	<url-mapping url="/right/commands/update_kit_list" screen="DRUG_UPDATE_KIT_LIST"/>
	<url-mapping url="/commands/update_kit_list" screen="DRUG_UPDATE_KIT_LIST"/>
	
	<url-mapping url="/right/commands/update_code_list" screen="DRUG_UPDATE_CODE_LIST"/>
	<url-mapping url="/commands/update_code_list" screen="DRUG_UPDATE_CODE_LIST"/>
	
	<url-mapping url="/right/commands/update_rndno_list" screen="DRUG_UPDATE_RNDNO_LIST"/>
	<url-mapping url="/commands/update_rndno_list" screen="DRUG_UPDATE_RNDNO_LIST"/>
	
	<url-mapping url="/right/commands/verify_user" screen="DRUG_VERIFY_USER"/>
	<url-mapping url="/commands/verify_user" screen="DRUG_VERIFY_USER"/>
	
	<url-mapping url="/right/commands/export_list" screen="DRUG_EXPORT_LIST"/>
	<url-mapping url="/commands/export_list" screen="DRUG_EXPORT_LIST"/>
	
	<url-mapping url="/schemas/download_schema">
		<request-handler-class>com.as.drug.external.webservices.v1.common.schema.SchemaServlet</request-handler-class>
	</url-mapping>
	
</request-mappings>