<?xml version="1.0" encoding="ISO-8859-1"?>
<!DOCTYPE crf-forms [
<!ELEMENT crf-forms (form)+>
<!ELEMENT form (part)+>
<!ELEMENT part EMPTY>
<!ATTLIST form
	name	CDATA #REQUIRED
	maxpage		CDATA #REQUIRED
	title 		CDATA #IMPLIED
	descr 		CDATA #IMPLIED
	locking 	CDATA #IMPLIED
	allow 		CDATA  #IMPLIED
	deny 		CDATA  #IMPLIED
	pages		CDATA  #IMPLIED
	mode		CDATA  #IMPLIED
>
<!ATTLIST part src CDATA #REQUIRED >
]>
<crf-forms>
	<form name="new_shipment" maxpage="1" title="#resupply_rule_shipment#" descr="#resupply_rule_shipment#" locking="yes" allow="DRUG_SHIP_RESUPPLY" mode="new_shipment">
		<part src="/jsp/drug/forms/shipments/management/new_shipment1.jsp" />
	</form>
	<form name="new_shipment1" maxpage="1" title="#manual_shipment#" descr="#manual_shipment#" locking="yes" allow="DRUG_SHIP_MANUAL" mode="new_shipment">
		<part src="/jsp/drug/forms/shipments/management/new_shipment2.jsp" />
	</form>
	<form name="new_shipment2" maxpage="1" title="#send_kits_back#" descr="#send_kits_back#" locking="yes" allow="DRUG_SHIP_SENTBACK" mode="new_shipment">
		<part src="/jsp/drug/forms/shipments/management/new_shipment3.jsp" />
	</form>
	<form name="shipment_assessment" maxpage="1" title="#shipment_assessment#" descr="#shipment_assessment#" locking="yes" allow="DRUG_ASS_SHIP" mode="shipment_assessment">
		<part src="/jsp/drug/forms/assessment/shipment_assessment1.jsp" />
	</form>
	<form name="upload_shipment_file" maxpage="1" title="#upload_shipment_file#" descr="#upload_shipment_file#" locking="yes" allow="DRUG_WRITE_SHIPMENT_FILE" mode="shipment_assessment">
		<part src="/jsp/drug/forms/assessment/write_shipment_file1.jsp" />
	</form>
	<form name="download_shipment_file" maxpage="1" title="#download_shipment_file#" descr="#download_shipment_file#" locking="yes" allow="DRUG_READ_SHIPMENT_FILE" mode="shipment_assessment">
		<part src="/jsp/drug/forms/assessment/read_shipment_file1.jsp" />
	</form>
	<form name="kit_assessment_numbered_kits" maxpage="1" title="#kit_assessment_numbered_kits#" descr="#kit_assessment_numbered_kits#" locking="yes" allow="DRUG_ASSMED &amp;&amp; (DRUG_ASS_TO_OK || DRUG_ASS_TO_DAMAGED || DRUG_ASS_TO_UNAVAILABLE || DRUG_ASS_TO_QUARANTINED || DRUG_DISPOSE)" mode="kit_assessment_numbered_kits">
		<part src="/jsp/drug/forms/assessment/kit_assessment_numbered_kits1.jsp" />
	</form>
	<form name="kit_assessment_qty_based" maxpage="1" title="#kit_assessment_qty_based#" descr="#kit_assessment_qty_based#" locking="yes" allow="DRUG_ASSMED &amp;&amp; (DRUG_ASS_TO_OK || DRUG_ASS_TO_DAMAGED || DRUG_ASS_TO_UNAVAILABLE || DRUG_ASS_TO_QUARANTINED || DRUG_DISPOSE)" mode="kit_assessment_qty_based">
		<part src="/jsp/drug/forms/assessment/kit_assessment_qty_based1.jsp" />
	</form>	
	<form name="post_shipment_assessment" maxpage="1" title="#post_shipment_assessment#" descr="#post_shipment_assessment#" locking="yes" allow="DRUG_POST_ASSESS_TEMPEX" mode="post_shipment_assessment">
		<part src="/jsp/drug/forms/assessment/post_shipment_assessment.jsp" />
	</form>	
	<form name="unblindpatientbypat" maxpage="1" title="#safety_unblinding_by_patient#" descr="#safety_unblinding_by_patient#" locking="yes" allow="DRUG_SAFETY_UNBLIND_BY_PAT" 
	mode="unblindpatientbypat">
		<part src="/jsp/drug/forms/patient/patient_safety1.jsp" />
	</form>
	<form name="unblindpatientbypat2" maxpage="1" title="#emergency_unblinding_by_patient#" descr="#emergency_unblinding_by_patient#" locking="yes" 
	allow="DRUG_EMERG_UNBLIND_BY_PAT" mode="unblindpatientbypat">
		<part src="/jsp/drug/forms/patient/emergency_unblind1.jsp" />
	</form>	
	<form name="unblindpatientbykit" maxpage="1" title="#safety_unblinding_by_kit#" descr="#safety_unblinding_by_kit#" locking="yes" allow="DRUG_SAFETY_UNBLIND_BY_KIT" mode="unblindpatientbykit">
		<part src="/jsp/drug/forms/patient/patient_safety_by_kit1.jsp" />
	</form>
	<form name="unblindpatientbykit2" maxpage="1" title="#emergency_unblinding_by_kit#" descr="#emergency_unblinding_by_kit#" locking="yes" allow="DRUG_EMERG_UNBLIND_BY_KIT" mode="unblindpatientbykit">
		<part src="/jsp/drug/forms/patient/emergency_unblind_by_kit1.jsp" />
	</form>
	<form name="kitsforpatient" maxpage="1" title="#kits_for_patient#" descr="#kits_for_patient#" locking="yes" allow="DRUG_PHARM" mode="kitsforpatient">
		<part src="/jsp/drug/forms/patient/patient_pharmacy1.jsp" />
	</form>
	<form name="kit_replacement" maxpage="1" title="#damaged_or_lost_kit_replacement#" descr="#damaged_or_lost_kit_replacement#" locking="yes" allow="DRUG_KIT_REPLACEMENT" mode="kit_replacement">
		<part src="/jsp/drug/forms/patient/kit_replacement1.jsp" />
	</form>
	<form name="pending_shipments" maxpage="1" title="#pending_shipments#" descr="#pending_shipments#" locking="yes" allow="DRUG_ORDER || DRUG_CANCEL_SHIP || DRUG_OPEN_SHIP_KITS" mode="pending_shipments">
		<part src="/jsp/drug/forms/shipments/management/pending_shipments1.jsp" />
	</form>
	<form name="upload_open_shipment_file" maxpage="1" title="#shipment_file#" descr="#shipment_file#" locking="yes" allow="DRUG_WRITE_OPEN_SHIPMENT_FILE" mode="pending_shipments">
		<part src="/jsp/drug/forms/shipments/management/open_shipment_file1.jsp" />
	</form>
	<form name="batches" maxpage="1" title="#update_batch_status#" descr="#update_batch_status#" locking="yes" allow="DRUG_BATCH" mode="batches">
		<part src="/jsp/drug/forms/batches1.jsp" />
	</form>
	<form name="batches2" maxpage="1" title="#protocol_release#" descr="#protocol_release#" locking="yes" allow="DRUG_BATCH_PRO_RELEASE" mode="batches">
		<part src="/jsp/drug/forms/release_kits/protocolrelease1.jsp" />
	</form>			
	<form name="releasekits" maxpage="1" title="#kit_release#" descr="#kit_release#" locking="yes" allow="DRUG_RELEASE_KITS" mode="releasekits">
		<part src="/jsp/drug/forms/release_kits/releasekits1.jsp" />
	</form>	
	<form name="siteaction" maxpage="1" title="#site_level_status_operations#" descr="#site_level_status_operations#" locking="yes" allow="DRUG_INIT_SITE || DRUG_ASSIGN_ENCAT || DRUG_BLOCK_SITE" mode="siteaction">
		<part src="/jsp/drug/forms/initsite1.jsp" />
	</form>	
	<form name="whaction" maxpage="1" title="#warehouse_level_status_operations#" descr="#warehouse_level_status_operations#" locking="yes" allow="DRUG_INIT_WH || DRUG_BLOCK_WH" mode="whaction">
		<part src="/jsp/drug/forms/initwarehouse1.jsp" />
	</form>
	<form name="updatewhsupply" maxpage="1" title="#update_warhouse_supply#" descr="#update_warhouse_supply#" locking="yes" allow="DRUG_INIT_WH" mode="whaction">
		<part src="/jsp/drug/forms/initwarehouse2.jsp" />
	</form>		
	<form name="enrolmentcategories" maxpage="1" title="#update_enrollment_categories#" descr="#update_enrollment_categories#" locking="yes" allow="DRUG_UPDATE_ENCAT" mode="enrolmentcategories">
		<part src="/jsp/drug/forms/encat_update1.jsp" />
	</form>
	<form name="shipments" maxpage="1" title="#shipments#" descr="#shipments#" locking="yes" allow="DRUG_TRACK" mode="shipments">
		<part src="/jsp/drug/forms/shipments/tracking/ship1.jsp" />
	</form>
	<form name="locations" maxpage="1" title="#track_locations#" descr="#track_locations#" locking="yes" allow="DRUG_TRACK" mode="locations">
		<part src="/jsp/drug/forms/shipments/tracking/location1.jsp" />
	</form>
	<form name="kits" maxpage="1" title="#track_kits#" descr="#track_kits#" locking="yes" allow="DRUG_TRACK" mode="kits">
		<part src="/jsp/drug/forms/shipments/tracking/kit1.jsp" />
	</form>
	<form name="design_overview" maxpage="1" title="#design_overview#" descr="#design_overview#" locking="yes" allow="DRUG_ADM &amp;&amp; DRUG_UNBLINDED" mode="design_configuration">
		<part src="/jsp/drug/forms/statistician/design_overview.jsp" />
	</form>	
    <form name="design_crd" maxpage="1" title="#randomization_config#" descr="#randomization_config#" locking="yes" allow="DRUG_ADM &amp;&amp; DRUG_UNBLINDED" mode="design_configuration">
		<part src="/jsp/drug/forms/statistician/design_configuration.jsp" />
	</form>
     <form name="random_number_list" maxpage="1" title="#random_number_list#" descr="#random_number_list#" locking="yes" allow="DRUG_ADM &amp;&amp; DRUG_UNBLINDED" mode="design_configuration">
		<part src="/jsp/drug/forms/statistician/random_number_list.jsp" />
	</form>
     <form name="import_kit" maxpage="1" title="#import_kits#" descr="#import_kits#" locking="yes" allow="DRUG_ADM &amp;&amp; DRUG_UNBLINDED" mode="kit_configuration">
		<part src="/jsp/drug/forms/statistician/import_kit.jsp" />
	</form>
   <form name="site_orders" maxpage="1" title="#site_orders#" descr="#site_orders#" locking="yes" allow="DRUG_SITE_ORDERS &amp;&amp; DRUG_UNBLINDED" mode="site_orders">
		<part src="/jsp/drug/forms/statistician/site_orders.jsp" />
    </form>	
    <form name="design_logging" maxpage="1" title="#design_logging#" descr="#design_logging#" locking="yes" allow="DRUG_ADM &amp;&amp; DRUG_UNBLINDED" mode="design_configuration">
		<part src="/jsp/drug/forms/statistician/design_logging.jsp" />
	</form>
	<form name="IWRSadaptive_design_files" maxpage="1" title="#dmc_portal#" descr="#dmc_portal#" locking="yes" allow="DRUG_ADAPTIVE_FILES" mode="adaptive_design_files">
		<part src="/jsp/drug/forms/dmc_portal/dmc_portal1.jsp" />
	</form>
	<form name="scheduled_notifications" maxpage="1" title="#scheduled_notifications#" descr="#scheduled_notifications#" locking="yes" allow="DRUG_CONF_NOTIF" mode="scheduled_notifications">
		<part src="/jsp/drug/forms/scheduled_notifications.jsp" />
	</form>
	<form name="general_settings" maxpage="1" title="#global_settings#" descr="#global_settings#" locking="yes" allow="DRUG_GLOBAL_CONFIG || DRUG_DUMP_CONFIGURATION" mode="general_settings">
		<part src="/jsp/drug/forms/global_settings1.jsp" />
	</form>
	<form name="treatmentarm_configuration" maxpage="1" title="#treatmentarm_configuration#" descr="#treatmentarm_configuration#" locking="yes" allow="DRUG_TRTARM_CONFIG" mode="treatmentarm_configuration">
		<part src="/jsp/drug/forms/statistician/treatmentarm_configuration.jsp" />
    </form>	
	<form name="kit_type_configuration" maxpage="1" title="#kit_type_configuration#" descr="#kit_type_configuration#" locking="yes" allow="DRUG_KIT_TYPE_CONFIG" mode="kit_type_configuration">
		<part src="/jsp/drug/forms/kit_types1.jsp" />
	</form>
	<form name="dispense_configuration" maxpage="1" title="#drug_schedule_configuration#" descr="#drug_schedule_configuration#" locking="yes" allow="DRUG_DISPENSE_CONFIG" mode="dispense_configuration">
		<part src="/jsp/drug/forms/dispense1.jsp" />
	</form>
	<form name="priority_assignment" maxpage="1" title="#priority_assignment#" descr="#priority_assignment#" locking="yes" allow="DRUG_DISPENSE_CONFIG" mode="dispense_configuration">
		<part src="/jsp/drug/forms/dispense_configuration/priority_assignment/priority_assignment1.jsp" />
	</form>
	<form name="priority_supply" maxpage="1" title="#priority_supply#" descr="#priority_supply#" locking="yes" allow="DRUG_PRIORITY_SUPPLY_CONFIG" mode="priority_supply_configuration">
		<part src="/jsp/drug/forms/priority_supply/priority_supply1.jsp" />
	</form>
	<form name="factor_configuration" maxpage="1" title="#factor_configuration#" descr="#factor_configuration#" locking="yes" allow="DRUG_CONF_FACTOR" mode="factor_configuration">
		<part src="/jsp/drug/forms/factor_configuration/factor_config.jsp" />
	</form>
	<form name="factor_value" maxpage="1" title="#factor_value#" descr="#factor_value#" locking="yes" allow="DRUG_CONF_FACTOR" mode="factor_configuration">
		<part src="/jsp/drug/forms/factor_configuration/factor_value.jsp" />
	</form>
	<form name="cohort_configuration" maxpage="1" title="#cohort_configuration#" descr="#cohort_configuration#" locking="yes" allow="DRUG_CONF_COHORT" mode="cohort_configuration">
		<part src="/jsp/drug/forms/cohort_configuration/cohort_config.jsp" />
	</form>
	<form name="non_drug_management" maxpage="1" title="#non_drug_shipment#" descr="#non_drug_shipment#" locking="yes" allow="DRUG_NON_DRUG_SHIP" mode="non_drug_management">
		<part src="/jsp/drug/forms/shipments/non_drug_management/frame1.jsp" />
	</form>
	<form name="kit_verification" maxpage="1" title="#kit_verification#" descr="#kit_verification#" locking="yes" allow="DRUG_KIT_VERIFICATION" mode="kit_verification">
		<part src="/jsp/drug/forms/kit_verification/kit_verification.jsp" />
	</form>
</crf-forms>