<?xml version="1.0" encoding="UTF-8"?>
<application-gui>

	<dialog id="DrugBatchLabeledEditDlg" title="#batch_edit#" style="display:none; width:400px; height:450px;" _keepTree="yes">
		<div id="DrugBatchLabeledEditDialog" style="display:block;">
			<div id="fupDescr" style="padding:5 5 5 5; margin-bottom:10;"></div>
			<div id="fupButtons" align="right" style="white-space:nowrap; margin-top:30;">
				<fieldset id="DialogFieldSetBatchLabeled"><legend>#current_values#</legend>
				<table border="0" width="100%" class="dialog" cellspacing="5" id="currentValues">
					<tr>
						<td width="150px"><b>#kit_name#:</b></td>
						<td><div name="dlg_blbl_out_kitName" id="dlg_blbl_out_kitName"></div></td>
					</tr>	
					<tr>
						<td width="150px"><b>#location#:</b></td>
						<td><div name="dlg_blbl_out_oldLocation" id="dlg_blbl_out_oldLocation"></div></td>
					</tr>	
					<tr>
						<td width="150px"><b>#status#:</b></td>
						<td><div name="dlg_blbl_out_oldStatus" id="dlg_blbl_out_oldStatus"></div></td>
					</tr>
					<tr>
						<td width="150px"><b>#shipment#:</b></td>
						<td><div name="dlg_blbl_out_oldShipment" id="dlg_blbl_out_oldShipment"></div></td>
					</tr>								
					<tr>
						<td width="150px"><b>#quarantined#:</b></td>
						<td><div name="dlg_blbl_out_oldQuarantined" id="dlg_blbl_out_oldQuarantined"></div></td>
					</tr>	
					<tr>
						<td width="150px"><b>#expiration_date#:</b></td>
						<td><div name="dlg_blbl_out_oldExpirationDate" id="dlg_blbl_out_oldExpirationDate"></div></td>
					</tr>
				</table>
				</fieldset>
			
				<table border="0" width="100%" class="dialog" cellspacing="5" id="newValues">
					<tr>
						<td width="150px">#choose_location#:</td>
						<td>
							<select name="dlg_blbl_in_locationSelector" id="dlg_blbl_in_locationSelector" onChange="updateLocationBatchesLabeled()" style="width:145px;"/>
						</td>
					</tr>
					<tr>
						<td width="150px">#choose_shipment#:</td>
						<td>
							<select name="dlg_blbl_in_shipmentSelector" id="dlg_blbl_in_shipmentSelector" style="width:145px;" onChange="updateShipmentBatchesLabeled()">
								<option value="NEW">New shipment</option>
							</select>
						</td>
					</tr>
					<tr>
						<td width="150px">#choose_status#:</td>
						<td>
							<select name="dlg_blbl_in_updateStatusSelector" id="dlg_blbl_in_updateStatusSelector" style="width:145px;" onChange="updateStatusBatchesLabeled()"/>
						</td>
					</tr>
					<tr>
						<td width="150px">#quarantined_checkbox#:</td>
						<td>
							<input type="checkbox" name="dlg_blbl_in_quarantinedCheckbox" id="dlg_blbl_in_quarantinedCheckbox" onchange="updateQuarantinedBatchesLabeled()"/>
						</td>
					</tr>
					<tr>
						<td width="150px">#expiration_date#:</td>
						<td>
							<input type="text" name="dlg_blbl_in_expirationDateValue" id="dlg_blbl_in_expirationDateValue" style="width:145px;" onchange="updateExpiryDateBatchesLabeled()"/>
						</td>
					</tr>
					<tr>
						<td><div id="dlg_blbl_out_format" name="dlg_blbl_out_format"/></td>
						<td></td>
					</tr>
					<tr>
						<td align="center" style="white-space:nowrap" colspan="2">
							<button style="width:100px;" value="OK">#ok#</button>
							<button style="width:100px; margin-left:10;" value="CANCEL">#cancel#</button>
						</td>
					</tr> 
				</table>
			</div>
			<input type="hidden" name="dlg_blbl_hdn_kitType" id="dlg_blbl_hdn_kitType" value=""/>
			<input type="hidden" name="dlg_blbl_hdn_count" id="dlg_blbl_hdn_count" value=""/>
			<input type="hidden" name="dlg_blbl_hdn_newLocation" id="dlg_blbl_hdn_newLocation" value=""/>
			<input type="hidden" name="dlg_blbl_hdn_newLocationId" id="dlg_blbl_hdn_newLocationId" value=""/>
			<input type="hidden" name="dlg_blbl_hdn_oldLocationId" id="dlg_blbl_hdn_oldLocationId" value=""/>
			<input type="hidden" name="dlg_blbl_hdn_newShipment" id="dlg_blbl_hdn_newShipment" value=""/>
			<input type="hidden" name="dlg_blbl_hdn_newStatus" id="dlg_blbl_hdn_newStatus" value=""/>
			<input type="hidden" name="dlg_blbl_hdn_newQuarantined" id="dlg_blbl_hdn_newQuarantined" value=""/>
			<input type="hidden" name="dlg_blbl_hdn_newExpirationDate" id="dlg_blbl_hdn_newExpirationDate" value=""/>
			<input type="hidden" name="dlg_blbl_hdn_mode" id="dlg_blbl_hdn_mode" value=""/>
			<input type="hidden" name="dlg_blbl_hdn_kitName" id="dlg_blbl_hdn_kitName" value=""/>
			<input type="hidden" name="dlg_blbl_hdn_kitId" id="dlg_blbl_hdn_kitId" value=""/>
			<input type="hidden" name="dlg_blbl_hdn_oldShipment" id="dlg_blbl_hdn_oldShipment" value=""/>
			<input type="hidden" name="dlg_blbl_hdn_isShipmentSet" id="dlg_blbl_hdn_isShipmentSet" value=""/>
		</div>
		<script><![CDATA[
		
			function setLocationBatchesLabeled(id, shipmentName, statusName, isShipmentSet){
				var dialogForm = top.d_DrugBatchLabeledEditDlg.form;
				var locations = top.formWindow().locations;
				var shipments = top.formWindow().shipments;
        		var labelMode = top.formWindow().labelMode;
				
				if(shipmentName == null){
					shipmentName = "";
				}
				
				if (statusName == null){
					statusName = "";
				}
			
				var statusListBox = dialogForm.elements["dlg_blbl_in_updateStatusSelector"];
				for (var j=statusListBox.options.length-1; j >= 0 ; j--){
					statusListBox.remove(j);
				}

                var shipmentListBox = dialogForm.elements["dlg_blbl_in_shipmentSelector"];
				for (var j=shipmentListBox.options.length-1; j >= 0 ; j--){
					shipmentListBox.remove(j);
				}
				
				var fromLocation = top.d_DrugBatchLabeledEditDlg.getParameter("dlg_blbl_hdn_oldLocationId");
				var oldShipment = top.d_DrugBatchLabeledEditDlg.getParameter("dlg_blbl_hdn_oldShipment");

                var toLocation = id;

				if (oldShipment != "" && isShipmentSet){
                    var i = top.formWindow().getIndexByAttribute(shipments, "name", oldShipment);
                    fromLocation = shipments[i].fromLocationId;
                } 

                {
                    var i = top.formWindow().getIndexByAttribute(locations, "id", toLocation);
                    if (labelMode != "LABELED_AT_SHIPMENT" || locations[i].clazz != 'Site' || dialogForm.elements["dlg_blbl_hdn_kitName"] != ""){
                    	var opt = document.createElement("option");
                        opt.value = "";     
                        var isOnlyDisplayShipment = oldShipment != "" && !isShipmentSet
                        if(isOnlyDisplayShipment && (fromLocation == toLocation)){
                        	opt.text= oldShipment;
                        } else {                 
                        	opt.text = "None";
                        }
                        if (shipmentName == "" || isOnlyDisplayShipment){
                            opt.selected=true;
                            dialogForm.elements["dlg_blbl_hdn_newShipment"].value=opt.value;
                            resetStatusValuesBatchesLabeled(toLocation, "", statusName);
                        }
                        shipmentListBox.add(opt);
                       
                    }
                }
               
               {
               	    var j = top.formWindow().getIndexByAttribute(locations, "id", toLocation);
                    var i = top.formWindow().getIndexByAttribute(locations, "id", fromLocation);
                    if (i > -1 && top.formWindow().getIndexByAttribute(locations[i].deliveringTo, null, toLocation)>=0 && locations[j].locatoinOrUserAllowed){
                        var opt = document.createElement("option");
                        opt.text = "#new_shipment#";
                        opt.value = "NEW";
                        if (shipmentName == ""){
                            opt.selected=true;
                            dialogForm.elements["dlg_blbl_hdn_newShipment"].value=opt.value;
                            resetStatusValuesBatchesLabeled(toLocation, "NEW", statusName);
                        }
                        shipmentListBox.add(opt);
                    }
                }
                
                if (fromLocation != toLocation){
                   for (var i=0; i < shipments.length; i++){
                        var isShipmentOnlySetForDisplay = (oldShipment == shipments[i].name) && !isShipmentSet;
                        if(shipments[i].fromLocationId == fromLocation && shipments[i].toLocationId == toLocation && !isShipmentOnlySetForDisplay){
                            var opt = document.createElement("option");
                            opt.value = shipments[i].name;
                            opt.text =  shipments[i].name;
                                    
                            if (shipmentName != null){
                                if (shipments[i].name == shipmentName){
                                    opt.selected = true;
                                    dialogForm.elements["dlg_blbl_hdn_newShipment"].value=opt.value;
                                    resetStatusValuesBatchesLabeled(toLocation, shipmentName, statusName);
                                }
                            } 
                            shipmentListBox.add(opt);
                        }
                    }
                }
			}
			
			function updateLocationBatchesLabeled(){
				var dialogForm = top.d_DrugBatchLabeledEditDlg.form;
				var elt_from = dialogForm.elements["dlg_blbl_in_locationSelector"];
				var locationId = elt_from.options[elt_from.selectedIndex].value;
				var location = elt_from.options[elt_from.selectedIndex].text;
				dialogForm.elements["dlg_blbl_hdn_newLocation"].value=location;
				dialogForm.elements["dlg_blbl_hdn_newLocationId"].value=locationId;
				setLocationBatchesLabeled(locationId, "", "");
			}
			
			function resetStatusValuesBatchesLabeled(toLocation, shipmentName, statusName){
				var dialogForm = top.d_DrugBatchLabeledEditDlg.form;
				var locations = top.formWindow().locations;
				var shipments = top.formWindow().shipments;
				var statusForNewShipments = top.formWindow().statusForNewShipments;
				
				var statusSelector = dialogForm.elements["dlg_blbl_in_updateStatusSelector"];
				for (var j=statusSelector.options.length-1; j >= 0 ; j--){
					statusSelector.remove(j);
				}
                
                var location = null;
   			   	{
                    var i = top.formWindow().getIndexByAttribute(locations, "id", toLocation);
                    location = locations[i];
               	}
              
              	var statusList = null;
              	if (shipmentName == ""){
                  	statusList = top.formWindow().availableStatusIds(location.clazz, null);
              	} else if(shipmentName=="NEW"){
              		statusList = top.formWindow().availableStatusIds(location.clazz, statusForNewShipments);
              	} else {
                	var i = top.formWindow().getIndexByAttribute(shipments, "name", shipmentName);
                 	statusList =  top.formWindow().availableStatusIds(location.clazz, shipments[i].statusId);
              	}
                
                
				for (var i=0; i < statusList.length; i++){
					var opt = document.createElement("option");
					opt.value = statusList[i].name;
                	opt.text = statusList[i].name;
					if (statusName != ""){
                  		if (opt.value == statusName){
                    		opt.selected = true;
                    		dialogForm.elements["dlg_blbl_hdn_newStatus"].value = opt.value;
                  		}
                	} else {
                    	if (i==0){
                        	opt.selected = true;
                        	dialogForm.elements["dlg_blbl_hdn_newStatus"].value = opt.value;
                    	}
                	}
                	if (opt.selected){
	                    dialogForm.elements["dlg_blbl_hdn_newStatus"].value=opt.value;
    	            }
					statusSelector.add(opt);
                }
			}
			
			function updateShipmentBatchesLabeled(){
				var dialogForm = top.d_DrugBatchLabeledEditDlg.form;
				var elt_from = dialogForm.elements["dlg_blbl_in_shipmentSelector"];
				var shipmentName =  elt_from.options[elt_from.selectedIndex].value;
				dialogForm.elements["dlg_blbl_hdn_newShipment"].value=shipmentName;
                
                var elt_from1 = dialogForm.elements["dlg_blbl_in_locationSelector"];
                var toLocation =  elt_from1.options[elt_from1.selectedIndex].value;
				
				resetStatusValuesBatchesLabeled(toLocation, shipmentName, "");
			}

			function updateStatusBatchesLabeled(){	
				var dialogForm = top.d_DrugBatchLabeledEditDlg.form;
				var elt_from = dialogForm.elements["dlg_blbl_in_updateStatusSelector"];
				var statusName =  elt_from.options[elt_from.selectedIndex].value;
				dialogForm.elements["dlg_blbl_hdn_newStatus"].value=statusName;
			}
			
			function updateQuarantinedBatchesLabeled(){
				var dialogForm = top.d_DrugBatchLabeledEditDlg.form;
				if (dialogForm.elements["dlg_blbl_in_quarantinedCheckbox"].checked){
        			dialogForm.elements["dlg_blbl_hdn_newQuarantined"].value = "true";
        		}else{
        			dialogForm.elements["dlg_blbl_hdn_newQuarantined"].value = "false";
        		}
			}
			
			function updateExpiryDateBatchesLabeled(){
				var dialogForm = top.d_DrugBatchLabeledEditDlg.form;
				var expirationDateValue = dialogForm.elements["dlg_blbl_in_expirationDateValue"].value;
				dialogForm.elements["dlg_blbl_hdn_newExpirationDate"].value = expirationDateValue;
			}
			
			function disableElementsBatchesLabeled(mode) {
				var dialogForm = top.d_DrugBatchLabeledEditDlg.form;
				var oldStatus = top.d_DrugBatchLabeledEditDlg.getParameter("dlg_blbl_out_oldStatus");
				
				if (oldStatus == "EXPIRED" || oldStatus == "EXPIRING_SOON") {
					dialogForm.elements["dlg_blbl_in_locationSelector"].disabled = true;
					dialogForm.elements["dlg_blbl_in_shipmentSelector"].disabled = true;
					dialogForm.elements["dlg_blbl_in_updateStatusSelector"].disabled = true;
					dialogForm.elements["dlg_blbl_in_quarantinedCheckbox"].disabled = true;
				} else {
					dialogForm.elements["dlg_blbl_in_locationSelector"].disabled = false;
					dialogForm.elements["dlg_blbl_in_shipmentSelector"].disabled = false;
					dialogForm.elements["dlg_blbl_in_updateStatusSelector"].disabled = false;
					dialogForm.elements["dlg_blbl_in_quarantinedCheckbox"].disabled = false;
				}
			}
			
			if (self.dialog) {
				var dialogForm = top.d_DrugBatchLabeledEditDlg.form;
				var quarantinedParameter = top.d_DrugBatchLabeledEditDlg.getParameter("dlg_blbl_out_oldQuarantined");	
        		
        		if ("true" == quarantinedParameter){
        			dialogForm.elements["dlg_blbl_in_quarantinedCheckbox"].checked = true;
        		} else {
        			dialogForm.elements["dlg_blbl_in_quarantinedCheckbox"].checked = false;
        		}
        		        		
				var locationParameter = top.d_DrugBatchLabeledEditDlg.getParameter("dlg_blbl_hdn_oldLocationId");
				var isShipmentSet = Boolean(top.d_DrugBatchLabeledEditDlg.getParameter("dlg_blbl_hdn_isShipmentSet"));
									
				var shipmentParameter = top.d_DrugBatchLabeledEditDlg.getParameter("dlg_blbl_hdn_oldShipment");

				var statusParameter = top.d_DrugBatchLabeledEditDlg.getParameter("dlg_blbl_out_oldStatus");
				var expirationDateParameter = top.d_DrugBatchLabeledEditDlg.getParameter("dlg_blbl_out_oldExpirationDate");
        		
        		dialogForm.elements["dlg_blbl_in_expirationDateValue"].value = expirationDateParameter;
				
        		var locationSelector = dialogForm.elements["dlg_blbl_in_locationSelector"];
        		for (var i=0; i < locationSelector.options.length; i++){
        			var opt = locationSelector.options[i];
				    if (opt.value == locationParameter){
				    	opt.selected=true;
				    };
        		}
      		
        		setLocationBatchesLabeled(locationParameter, shipmentParameter, statusParameter, isShipmentSet);
        		var mode = dialogForm.elements["dlg_blbl_hdn_mode"].value;		
				disableElementsBatchesLabeled(mode);
			}

			
			
		]]></script>
	</dialog>

</application-gui>
	