<?xml version="1.0" encoding="UTF-8"?>
<application-gui>

	<dialog id="PendingShipmentsCancelDlg" title="#cancel_shipment#" style="display:none; width:400px; height:400px;" _keepTree="yes">
		<div id="PendingShipmentsCancelDialog" style="display:block;">
			<div id="fupDescr" style="padding:5 5 5 5; margin-bottom:10;"></div>
			
			<div id="fupButtons" align="right" style="white-space:nowrap; margin-top:10;">
			
			<fieldset><legend>#current_values#</legend>
				<table border="0" width="100%" class="dialog" cellspacing="5" id="currentValues">
					<tr>
						<td width="150px"><b>#shipment_name#:</b></td>
						<td><div name="dlg_cnclship_canceledShipmentName" id="dlg_cnclship_canceledShipmentName"></div></td>
					</tr>
					<tr>
						<td width="150px"><b>#shipment_status#:</b></td>
						<td><div name="dlg_cnclship_shipmentStatus" id="dlg_cnclship_shipmentStatus"></div></td>
					</tr>
				</table>
			</fieldset>
			
			
			<table border="0" width="100%" class="dialog" cellspacing="5" id="newValues">
				<tr>
					<td width="150px">#shipment_status#:</td>
					<td>
						<select name="dlg_cnclship_shipmentStatusSelector" style="width:145px;" onChange="dlg_cnclship_updateShipmentStatus()"/>
					</td>
				</tr>
				<tr>
					<td width="150px">#kit_status#:</td>
					<td>
						<select name="dlg_cnclship_kitStatusSelector" style="width:145px;" onChange="dlg_cnclship_updateKitStatus()"/>
					</td>
				</tr>
				<tr>
					<td align="center" style="white-space:nowrap" colspan="2">
						<button style="width:100px;" value="OK">#ok#</button>
						<button style="width:100px; margin-left:10;" value="CANCEL">#cancel#</button>
					</td>
				</tr> 
			</table>
			
			</div>
			<input type="hidden" name="dlg_cnclship_newKitStatus" value=""/>
			<input type="hidden" name="dlg_cnclship_newShipmentStatus" value=""/>
			<input type="hidden" name="dlg_cnclship_shipmentType" value=""/>
		</div>
		<script><![CDATA[
			function dlg_cnclship_updateShipmentStatus(elt_from) {
				var form = top.d_PendingShipmentsCancelDlg.form;
				var elt_from = form.elements["dlg_cnclship_shipmentStatusSelector"];
				var statusName = elt_from.options[elt_from.selectedIndex].value;
				form.elements["dlg_cnclship_newShipmentStatus"].value=statusName;
				dlg_cnclship_resetKitStatus(statusName);
			}
			
			function dlg_cnclship_updateKitStatus(elt_from) {
				var form = top.d_PendingShipmentsCancelDlg.form;
				var elt_from = form.elements["dlg_cnclship_kitStatusSelector"];
				var statusName = elt_from.options[elt_from.selectedIndex].value;
				form.elements["dlg_cnclship_newKitStatus"].value=statusName;
			}
            
            function dlg_cnclship_initStatusValues() {
            	var form = top.d_PendingShipmentsCancelDlg.form;
            	var statusList = top.formWindow().availableShipmentStatusIds();
            	var shipmentStatusSelector = form.elements["dlg_cnclship_shipmentStatusSelector"];
				for (var j=shipmentStatusSelector.options.length-1; j >= 0 ; j--) {
					shipmentStatusSelector.remove(j);
				}
				
				for (var i=0; i < statusList.length; i++) {
					var opt = document.createElement("option");
					opt.value = statusList[i].name;
                	opt.text = statusList[i].name;
                	if (opt.value == 'CANCELED') {
                		opt.selected = true;
                		form.elements["dlg_cnclship_newShipmentStatus"].value = opt.value;
                	}
                	shipmentStatusSelector.add(opt);
				}
				dlg_cnclship_resetKitStatus(form.elements["dlg_cnclship_newShipmentStatus"].value);
            }
            
            function dlg_cnclship_resetKitStatus(shipmentStatusName) {
            	var form = top.d_PendingShipmentsCancelDlg.form;
            	var kitStatusSelector = form.elements["dlg_cnclship_kitStatusSelector"];
				for (var j=kitStatusSelector.options.length-1; j >= 0 ; j--) {
					kitStatusSelector.remove(j);
				}
				
				var selectFirst = true;
				var statusList = null;
				if (shipmentStatusName == 'LOST') {
					statusList = top.formWindow().availableKitStatusIdsForLost();
				}
				else {
					if (form.elements["dlg_cnclship_shipmentType"].value == 'SENTBACK') {
						statusList = new Array();
					}
					else {
						statusList = top.formWindow().availableKitStatusIds();
					}
					if (top.d_PendingShipmentsCancelDlg.getParameter("dlg_cnclship_shipmentStatus") == 'OPEN') {
						var opt = document.createElement("option");
						opt.value = 'Previous';
	                	opt.text = 'Previous Status';
                		opt.selected = true;
                		form.elements["dlg_cnclship_newKitStatus"].value = opt.value;
	                	kitStatusSelector.add(opt);
	                	selectFirst = false;
	                }
				}
                
                for (var i=0; i < statusList.length; i++) {
					var opt = document.createElement("option");
					opt.value = statusList[i].name;
                	opt.text = statusList[i].name;
                	if (selectFirst == true && i == 0) {
                		opt.selected = true;
                		form.elements["dlg_cnclship_newKitStatus"].value = opt.value;
                	}
                	kitStatusSelector.add(opt);
				}
            }
	            
			if (self.dialog) {
				dlg_cnclship_initStatusValues();
			}
			
			
		]]></script>
	</dialog>

</application-gui>
	