<?xml version="1.0" encoding="UTF-8"?>
<application-gui>

	<dialog id="IWRSEditOpenShipmentsQtyDlg" title="#edit_shipments_qty_dlg#" style="display:none; width:400px; height:400px;" _keepTree="yes">
		<div id="IWRSEditOpenShipmentsQtyDialog" style="display:block;">
			<div id="fupDescr" style="padding:5 5 5 5; margin-bottom:10;"></div>
			
			<div id="fupButtons" align="right" style="white-space:nowrap; margin-top:10;">
				<fieldset><legend>#current_values#</legend>
					<table border="0" width="100%" class="dialog" cellspacing="5" id="dlg_oship_q_currentValues">
					<tr>
							<td width="40"><b>#amount#:</b></td>
							<td><div name="dlg_oship_q_oldAmount" id="dlg_oship_q_oldAmount"></div></td>
						</tr>
						<tr>
							<td width="40"><b>#batch#:</b></td>
							<td><div name="dlg_oship_q_batch" id="dlg_oship_q_batch"></div></td>
						</tr>	
						<tr>
							<td width="40"><b>#kit_type#:</b></td>
							<td><div name="dlg_oship_q_kitType" id="dlg_oship_q_kitType"></div></td>
						</tr>
						<tr>
							<td width="40"><b>#status#:</b></td>
							<td><div name="dlg_oship_q_oldStatus" id="dlg_oship_q_oldStatus"></div></td>
						</tr>	
						<tr>
							<td width="40"><b>#quarantined#:</b></td>
							<td><div name="dlg_oship_q_quarantined" id="dlg_oship_q_quarantined"></div></td>
						</tr>
						<tr id="dlg_oship_q_tr_expiration" style="display:none">
							<td width="120px"><b>#expiration#:</b></td>
							<td><div name="dlg_oship_q_expirationDate" id="dlg_oship_q_expirationDate"></div></td>
						</tr>
					</table>
				</fieldset>
			
			
				<table border="0" width="100%" class="dialog" cellspacing="5" id="newValues">
					<tr>
						<td width="150px">#choose_amount#:</td>
						<td>
							<input type="text" name="dlg_oship_q_newAmount" id="dlg_oship_q_newAmount" style="width:145px;"/>
						</td>
					</tr>
					<tr>
						<td width="150px">#choose_status#:</td>
						<td>
							<select name="dlg_oship_q_in_statusSelector" style="width:145px;" onChange="dlg_oship_q_updateStatus()"/>
						</td>
					</tr>
					<tr>
						<td width="150px">#move_to_shipment#:</td>
						<td>
							<select name="dlg_oship_q_in_shipmentSelector" style="width:145px;" onChange="dlg_oship_q_updateShipment()"/>
						</td>
					</tr>
					<tr>
						<td align="center" style="white-space:nowrap" colspan="2">
							<button style="width:100px;" value="OK">#ok#</button>
							<button style="width:100px; margin-left:10;" value="CANCEL">#cancel#</button>
						</td>
					</tr> 
				</table>
			</div>
			<input type="hidden" name="dlg_oship_q_newStatus" id="dlg_oship_q_newStatus" value=""/>
			<input type="hidden" name="dlg_oship_q_newShipment" id="dlg_oship_q_newShipment" value=""/>
			<select name="dlg_oship_q_hdn_shipmentSelector" style="display:none"/>
			<select name="dlg_oship_q_hdn_statusSelector" style="display:none"/>
		</div>
		<script><![CDATA[
			function dlg_oship_q_updateStatus() {
				var form = top.d_IWRSEditOpenShipmentsQtyDlg.form;
				var elt_from = form.elements["dlg_oship_q_in_statusSelector"];
				var statusId =  elt_from.options[elt_from.selectedIndex].value;
				form.elements["dlg_oship_q_newStatus"].value=statusId;
			}
			
			function dlg_oship_q_updateShipment() {
				var form = top.d_IWRSEditOpenShipmentsQtyDlg.form;
				var elt_from = form.elements["dlg_oship_q_in_shipmentSelector"];
				var shipmentId =  elt_from.options[elt_from.selectedIndex].value;
				form.elements["dlg_oship_q_newShipment"].value=shipmentId;
			}
			
			if (self.dialog) {
				var form = top.d_IWRSEditOpenShipmentsQtyDlg.form;
				transferSelectBoxEntries(form, "dlg_oship_q_hdn_shipmentSelector", "dlg_oship_q_in_shipmentSelector");
				transferSelectBoxEntries(form, "dlg_oship_q_hdn_statusSelector", "dlg_oship_q_in_statusSelector");
				
				dlg_oship_q_updateStatus();
				dlg_oship_q_updateShipment();
			}
			
		]]></script>
	</dialog>

</application-gui>
	