<?xml version="1.0" encoding="UTF-8"?>
<application-gui>

	<dialog id="IWRSSentBackUnlabeledKitsDlg" title="#sent_back_kits_dlg#" style="display:none; width:400px; height:400px;" _keepTree="yes">
		<div id="IWRSSentBackUnlabeledKitsDlg" style="display:block;">
			<div id="fupDescr" style="padding:5 5 5 5; margin-bottom:10;"></div>
			
			<div id="fupButtons" align="right" style="white-space:nowrap; margin-top:10;">
			
				<fieldset><legend>#current_values#</legend>
					<table border="0" width="100%" class="dialog" cellspacing="5" id="dlg_sent_back_unlabeled_kits_currentValues">
						<tr>
							<td width="150px"><b>#kit_amount#:</b></td>
							<td><div name="dlg_sent_back_unlabeled_kits_oldAmount" id="dlg_sent_back_unlabeled_kits_oldAmount"></div></td>
						</tr>
						<tr>
							<td width="150px"><b>#batch_name#:</b></td>
							<td><div name="dlg_sent_back_unlabeled_kits_batch" id="dlg_sent_back_unlabeled_kits_batch"></div></td>
						</tr>
						<tr>
							<td width="150px"><b>#kit_type#:</b></td>
							<td><div name="dlg_sent_back_unlabeled_kits_kitType" id="dlg_sent_back_unlabeled_kits_kitType"></div></td>
						</tr>
						<tr>
							<td width="150px"><b>#status#:</b></td>
							<td><div name="dlg_sent_back_unlabeled_kits_status" id="dlg_sent_back_unlabeled_kits_status"></div></td>
						</tr>
						<tr>
							<td width="150px"><b>#quarantined#:</b></td>
							<td><div name="dlg_sent_back_unlabeled_kits_quarantined" id="dlg_sent_back_unlabeled_kits_quarantined"></div></td>
						</tr>
					</table>
				</fieldset>
				
				<table border="0" width="100%" class="dialog" cellspacing="5" id="dlg_sent_back_unlabeled_kits_newValues">
					<tr>
						<td width="150px">#kit_amount#:</td>
						<td>
							<input name="dlg_sent_back_unlabeled_kits_newAmount" id="dlg_sent_back_unlabeled_kits_newAmount" size="3" type="text"/>
						</td>
					</tr>
					<tr>
						<td width="150px">#move_to_shipment#:</td>
						<td>
							<select name="dlg_sent_back_unlabeled_kits_in_shipmentSelector" style="width:145px;" onChange="dlg_sent_back_unlabeled_kits_updateShipment()"/>
						</td>
					</tr>
					<tr>
						<td align="center" style="white-space:nowrap" colspan="2">
							<button style="width:100px;" value="OK">#ok#</button>
							<button style="width:100px; margin-left:10;" value="CANCEL">#cancel#</button>
						</td>
					</tr> 
				</table>
			
			</div>
			<input type="hidden" name="dlg_sent_back_unlabeled_kits_newShipment" value=""/>
			<input type="hidden" name="dlg_sent_back_unlabeled_kits_count" value=""/>
			<input type="hidden" name="dlg_sent_back_unlabeled_kits_patientId" value=""/>
			<input type="hidden" name="dlg_sent_back_unlabeled_kits_visitId" value=""/>
			<input type="hidden" name="dlg_sent_back_unlabeled_kits_kitTypeId" value=""/>
			<input type="hidden" name="dlg_sent_back_unlabeled_kits_statusId" value=""/>
			<input type="hidden" name="dlg_sent_back_unlabeled_kits_batchId" value=""/>
			<select name="dlg_sent_back_unlabeled_kits_hdn_shipmentSelector" style="display:none"/>
		</div>
		<script><![CDATA[
			function dlg_sent_back_unlabeled_kits_updateShipment() {
				var form = top.d_IWRSSentBackUnlabeledKitsDlg.form;
				var elt_from = form.elements["dlg_sent_back_unlabeled_kits_in_shipmentSelector"];
				var shipmentId = elt_from.options[elt_from.selectedIndex].value;
				form.elements["dlg_sent_back_unlabeled_kits_newShipment"].value=shipmentId;
			}
			
			if (self.dialog) {
				var form = top.d_IWRSSentBackUnlabeledKitsDlg.form;
				form.elements["dlg_sent_back_unlabeled_kits_newShipment"].value = "";
				
				transferSelectBoxEntries(form, "dlg_sent_back_unlabeled_kits_hdn_shipmentSelector", "dlg_sent_back_unlabeled_kits_in_shipmentSelector");
				dlg_sent_back_unlabeled_kits_updateShipment();
			}
			
		]]></script>
	</dialog>

</application-gui>
	