<?xml version="1.0" encoding="UTF-8"?>
<application-gui>

	<dialog id="IWRSSentBackLabeledKitsDlg" title="#sent_back_kits_dlg#" style="display:none; width:400px; height:400px;" _keepTree="yes">
		<div id="IWRSSentBackLabeledKitsDlg" style="display:block;">
			<div id="fupDescr" style="padding:5 5 5 5; margin-bottom:10;"></div>
			
			<div id="fupButtons" align="right" style="white-space:nowrap; margin-top:10;">
			
				<fieldset><legend>#current_values#</legend>
					<table border="0" width="100%" class="dialog" cellspacing="5" id="dlg_sent_back_labeled_kits_currentValues">
						<tr>
							<td width="150px"><b>#kit_name#:</b></td>
							<td><div name="dlg_sent_back_labeled_kits_kitName" id="dlg_sent_back_labeled_kits_kitName"></div></td>
						</tr>
					</table>
				</fieldset>
				
				
				<table border="0" width="100%" class="dialog" cellspacing="5" id="dlg_sent_back_labeled_kits_newValues">
					<tr>
						<td width="150px">#move_to_shipment#:</td>
						<td>
							<select name="dlg_sent_back_labeled_kits_in_shipmentSelector" style="width:145px;" onChange="dlg_sent_back_labeled_kits_updateShipment()"/>
						</td>
					</tr>
					<tr>
						<td align="center" style="white-space:nowrap" colspan="2">
							<button style="width:100px;" value="OK">#ok#</button>
							<button style="width:100px; margin-left:10;" value="CANCEL">#cancel#</button>
						</td>
					</tr> 
				</table>
			
			</div>
			<input type="hidden" name="dlg_sent_back_labeled_kits_newShipment" value=""/>
			<input type="hidden" name="dlg_sent_back_labeled_kits_kitId" value=""/>
			<input type="hidden" name="dlg_sent_back_labeled_kits_locationAddressId" value=""/>
			<select name="dlg_sent_back_labeled_kits_hdn_shipmentSelector" style="display:none"/>
		</div>
		<script><![CDATA[
			function dlg_sent_back_labeled_kits_updateShipment() {
				var form = top.d_IWRSSentBackLabeledKitsDlg.form;
				var elt_from = form.elements["dlg_sent_back_labeled_kits_in_shipmentSelector"];
				var shipmentId = elt_from.options[elt_from.selectedIndex].value;
				form.elements["dlg_sent_back_labeled_kits_newShipment"].value=shipmentId;
			}
			
			if (self.dialog) {
				var form = top.d_IWRSSentBackLabeledKitsDlg.form;
				form.elements["dlg_sent_back_labeled_kits_newShipment"].value = "";
				transferSelectBoxEntries(form, "dlg_sent_back_labeled_kits_hdn_shipmentSelector", "dlg_sent_back_labeled_kits_in_shipmentSelector");
				dlg_sent_back_labeled_kits_updateShipment();
			}
			
		]]></script>
	</dialog>

</application-gui>
	