<?xml version="1.0" encoding="UTF-8"?>
<application-gui>

	<dialog id="IWRSNewEndpointSelectionDlg" title="#endpoint_selection#" style="display:none; width:350px; height:150px;" _keepTree="yes">
		<div id="IWRSNewEndpointSelectionDialog" style="display:block;">
			<script><![CDATA[

			]]></script>
		
			<div id="fupDescr" style="padding:5 5 5 5; margin-bottom:10;">
			#select_end_point#:
			</div>
			
			<div id="fupButtons" align="right" style="white-space:nowrap; margin-top:10;">
				<table border="0" width="100%" class="dialog" cellspacing="5" id="dlg_endp_newValues">
					<tr>
						<td style="width:55px;">#choose#:</td>
						<td>
							<select name="dlg_endp_list" id="dlg_endp_list" style="width:145px;" onChange="dlg_endp_updateEndpoint()"/>
						</td>
					</tr>
					<tr>
						<td align="center" style="white-space:nowrap" colspan="2">
							<button style="width:100px;" value="OK">#ok#</button>
							<button style="width:100px; margin-left:10;" value="CANCEL">#cancel#</button>
						</td>
					</tr> 
				</table>
				<input type="hidden" name="dlg_endp_endpoint" id="dlg_endp_endpoint" value=""/>
			</div>
		</div>
		<script><![CDATA[
			function dlg_endp_updateEndpoint(){
				var dialogForm = top.d_IWRSNewEndpointSelectionDlg.form;
				
				var elt_from = dialogForm.elements["dlg_endp_list"];
				var listValue =  elt_from.options[elt_from.selectedIndex].value;
				dialogForm.elements["dlg_endp_endpoint"].value=listValue;
			}
			
			if (self.dialog) {
				dlg_endp_updateEndpoint();
			}
		]]></script>
	</dialog>

</application-gui>
	