<?xml version="1.0" encoding="UTF-8"?>
<application-gui>

	<dialog id="KitReplacementLabeledEditDlg" title="#kit_replacement#" style="display:none; width:400px; height:400px;" _keepTree="yes">
		<div id="KitReplacementLabeledEditDlg" style="display:block;">
			<div id="fupDescr" style="padding:5 5 5 5; margin-bottom:10;"></div>
			<div id="fupButtons" align="right" style="white-space:nowrap; margin-top:30;">
				<fieldset><legend>#current_values#</legend>
				<table border="0" width="100%" class="dialog" cellspacing="5" id="dlg_krepl_lbl_tbl_currentValues">
					<tr>
						<td width="150px"><b>#kit_name#:</b></td>
						<td><div name="dlg_krepl_lbl_kitName" id="dlg_krepl_lbl_kitName"></div></td>
					</tr>	
					<tr id="dlg_krepl_lbl_tr_patNo" style="display:none">
						<td width="150px"><b><div name="dlg_krepl_lbl_patNoLabel" id="dlg_krepl_lbl_patNoLabel"></div></b></td>
						<td><div name="dlg_krepl_lbl_patNo" id="dlg_krepl_lbl_patNo"></div></td>
					</tr>	
					<tr id="dlg_krepl_lbl_tr_scrNo" style="display:none">
						<td width="150px"><b><div name="dlg_krepl_lbl_scrNoLabel" id="dlg_krepl_lbl_scrNoLabel"></div></b></td>
						<td><div name="dlg_krepl_lbl_scrNo" id="dlg_krepl_lbl_scrNo"></div></td>
					</tr>	
				</table>
				</fieldset>
			
			
				<table border="0" width="100%" class="dialog" cellspacing="5" id="dlg_krepl_lbl_tbl_newValues">
					<tr>
						<td width="150px">#choose_status#:</td>
						<td>
							<select name="dlg_krepl_lbl_in_statusSelector" style="width:145px;" onChange="dlg_krepl_lbl_updateStatus()"/>
						</td>
					</tr>
					<tr>
						<td align="center" style="white-space:nowrap" colspan="2">
							<button style="width:100px;" value="OK">#ok#</button>
							<button style="width:100px; margin-left:10;" value="CANCEL">#cancel#</button>
						</td>
					</tr> 
				</table>
			</div>
			<input type="hidden" name="dlg_krepl_lbl_newStatus" id="dlg_krepl_lbl_newStatus" value=""/>
			<input type="hidden" name="dlg_krepl_lbl_kitId" id="dlg_krepl_lbl_kitId" value=""/>
			<input type="hidden" name="dlg_krepl_lbl_showPatNo" id="dlg_krepl_lbl_showPatNo" value=""/>
			<input type="hidden" name="dlg_krepl_lbl_showScrNo" id="dlg_krepl_lbl_showScrNo" value=""/>
			<select name="dlg_krepl_lbl_hdn_statusSelector" style="display:none"/>
		</div>
		<script><![CDATA[
			function dlg_krepl_lbl_updateStatus() {
				var form = top.d_KitReplacementLabeledEditDlg.form;
				var elt_from = form.elements["dlg_krepl_lbl_in_statusSelector"];
				var statusName =  elt_from.options[elt_from.selectedIndex].value;
				form.elements["dlg_krepl_lbl_newStatus"].value=statusName;
			}
			
			if (self.dialog) {
        		var form = top.d_KitReplacementLabeledEditDlg.form;
        		
        		transferSelectBoxEntries(form, "dlg_krepl_lbl_hdn_statusSelector", "dlg_krepl_lbl_in_statusSelector");
        		dlg_krepl_lbl_updateStatus();
        		
        		var showPatNo = form.elements["dlg_krepl_lbl_showPatNo"].value;
				var showScrNo =form.elements["dlg_krepl_lbl_showScrNo"].value;
				
				if (showPatNo == "true") {
					var tableRow = document.getElementById("dlg_krepl_lbl_tr_patNo");
					tableRow.style.display = "";
				}
				if (showScrNo == "true") {
					var tableRow = document.getElementById("dlg_krepl_lbl_tr_scrNo");
					tableRow.style.display = "";
				}
			}
			
		]]></script>
	</dialog>

</application-gui>
	