<?xml version="1.0" encoding="UTF-8"?>
<application-gui>

	<dialog id="DrugBatchExpiryDateDlg" title="#update_expiry_date#" style="display:none; width:350px; height:400px;" _keepTree="yes">
		<div id="DrugBatchExpiryDateDlg" style="display:block;">
			<div id="fupDescr" style="padding:5 5 5 5; margin-bottom:10;"></div>
			<div id="fupButtons" align="right" style="white-space:nowrap; margin-top:30;">
			<script><![CDATA[
				function updateLocation(){
				var dialogForm = top.d_DrugBatchExpiryDateDlg.form;
				var elt_from = dialogForm.elements["locationSelector"];
				var locationName =  elt_from.options[elt_from.selectedIndex].innerHTML;
				var locationId = elt_from.options[elt_from.selectedIndex].value;
				dialogForm.elements["newLocation"].value=locationName;
				dialogForm.elements["newLocationId"].value=locationId;
			}
			]]></script>
			
				<fieldset><legend>#description#</legend>
				<table  border="0" width="100%" class="dialog" cellspacing="5">
				<tr>
				<td colspan="2">#please_specify_expiration_date#</td>
				</tr>
				<tr>
				<td width="150px">#format#:</td>
				<td><div id="format" name="format"/></td>
				</tr>
				</table>
				</fieldset>
			
				<table border="0" width="100%" class="dialog" cellspacing="5">
					<tr>
						<td width="150px">#choose_location#:</td>
						<td>
							<select name="locationSelector" id="locationSelector" onChange="updateLocation()" style="width:145px;"/>
						</td>
					</tr>
					<tr>
					<td width="150px">#enter_expiration_date#:</td>
						<td>
							<input type="text" name="expirationDate1Field" id="expirationDate1Field" style="width:145px;"/>
						</td>
					</tr>
					<tr>
						<td width="150px">#reenter_expiration_date#:</td>
						<td>
							<input type="text" name="expirationDate2Field" id="expirationDate2Field" style="width:145px;"/>
						</td>
					</tr>
					<tr>
						<td align="center" style="white-space:nowrap" colspan="2">
							<button style="width:100px;" value="OK">#ok#</button>
							<button style="width:100px; margin-left:10;" value="CANCEL">#cancel#</button>
						</td>
					</tr> 
				</table>
			</div>
			<input type="hidden" name="newLocation" id="newLocation" value="OVERALL"/>
			<input type="hidden" name="newLocationId" id="newLocationId" value="OVERALL"/>
		</div>
		<script><![CDATA[
			function showDialog(no, msg) {
				var dialogs = ["DrugBatchExpiryDateDlg"];
				var msgDiv = ["fupDescr","DrugBatchExpiryDateDlg"];
				if (!!msg) {
					document.getElementById(msgDiv[no]).innerHTML = msg;
				}
				for (i=0; i<dialogs.length; i++) {
					document.getElementById(dialogs[i]).style.display = i==no?"block":"none";
				}
			}
		]]></script>
	</dialog>

</application-gui>
	