<?xml version="1.0" encoding="UTF-8"?>
<application-gui>

	<dialog id="DrugPostAssessmentQuantityDlg" title="#drug_post_assessment_qty_dlg#" style="display:none; width:350px; height:310px;" _keepTree="yes">
		<div id="DrugPostAssessmentQuantityDlg" style="display:block;">
			<div id="fupDescr" style="padding:5 5 5 5; margin-bottom:10;"></div>
			<div id="fupButtons" align="right" style="white-space:nowrap; margin-top:10;">
				<fieldset><legend>#current_values#</legend>
				<table border="0" width="100%" class="dialog" cellspacing="5" id="dlg_post_ass_qty_currentValues" name="dlg_post_ass_qty_currentValues">
					<tr>
						<td width="120px"><b>#kit_amount#:</b></td>
						<td><div name="dlg_post_ass_qty_out_oldAmount" id="dlg_post_ass_qty_out_oldAmount"></div></td>
					</tr>
					<tr>
						<td width="120px"><b>#shipment#:</b></td>
						<td><div name="dlg_post_ass_qty_out_shipment" id="dlg_post_ass_qty_out_shipment"></div></td>
					</tr>								
					<tr>
						<td width="120px"><b>#batch#:</b></td>
						<td><div name="dlg_post_ass_qty_out_batch" id="dlg_post_ass_qty_out_batch"></div></td>
					</tr>
					<tr>
						<td width="120px"><b>#kit_type#:</b></td>
						<td><div name="dlg_post_ass_qty_out_kittype" id="dlg_post_ass_qty_out_kittype"></div></td>
					</tr>								
					<tr id="dlg_post_ass_qty_tr_count" name="dlg_post_ass_qty_tr_count" style="display:none">
						<td width="120px"><b>#count#</b></td>
						<td><div name="dlg_post_ass_qty_out_count" id="dlg_post_ass_qty_out_count"></div></td>
					</tr>						
				</table>
				</fieldset>
			
			
				<table border="0" width="100%" class="dialog" cellspacing="5">
					<tr>
						<td width="150px">#kit_amount#:</td>
						<td>
							<input type="text" id="dlg_post_ass_qty_in_newAmount" name="dlg_post_ass_qty_in_newAmount" size="3"/>
						</td>
					</tr>
					<tr>
						<td width="150px">#choose_status#:</td>
						<td>
							<select name="dlg_post_ass_qty_in_statusSelector" id="dlg_post_ass_qty_in_statusSelector" style="width:145px;" onChange="dlg_post_ass_qty_updateStatus()"/>
						</td>
					</tr>
					<tr>
						<td align="center" style="white-space:nowrap" colspan="2">
							<button style="width:100px;" value="OK">OK</button>
							<button style="width:100px; margin-left:10;" value="CANCEL">#Cancel#</button>
						</td>
					</tr>
				</table>
			</div>
			<input type="hidden" name="dlg_post_ass_qty_hdn_newStatus" id="dlg_post_ass_qty_hdn_newStatus" value=""/>
			<input type="hidden" name="dlg_post_ass_qty_hdn_showCount" id="dlg_post_ass_qty_hdn_showCount" value=""/>
			<select style="display:none" name="dlg_post_ass_qty_hdn_statusSelector" id="dlg_post_ass_qty_hdn_statusSelector"/>
		</div>
		<script><![CDATA[
			function dlg_post_ass_qty_updateStatus(){
				var form = top.d_DrugPostAssessmentQuantityDlg.form;
				var elt_from = form.elements["dlg_post_ass_qty_in_statusSelector"];
				var statusName = elt_from.options[elt_from.selectedIndex].value;
				form.elements["dlg_post_ass_qty_hdn_newStatus"].value=statusName;
			}
			
			if (self.dialog) {
				var form = top.d_DrugPostAssessmentQuantityDlg.form;
				
				transferSelectBoxEntries(form, "dlg_post_ass_qty_hdn_statusSelector", "dlg_post_ass_qty_in_statusSelector");
				
				var tbl = form.elements["dlg_post_ass_qty_currentValues"];
				var row = null;
				var cell = null;
				var textNode = null;
				
				var showCount = form.elements["dlg_post_ass_qty_hdn_showCount"].value;
				
				if (showCount == "true") {
					var tableRow = document.getElementById("dlg_post_ass_qty_tr_count");
					tableRow.style.display = "";
				}
			}
			
		]]></script>
	</dialog>

</application-gui>
	