<?xml version="1.0" encoding="UTF-8"?>
<application-gui>

	<dialog id="DrugBatchUnlabeledEditDlg" title="#batch_edit#" style="display:none; width:400px; height:450px;" _keepTree="yes">
		<div id="DrugBatchUnlabeledEditDialog" style="display:block;">
			<div id="fupDescr" style="padding:5 5 5 5; margin-bottom:10;"></div>
			<div id="fupButtons" align="right" style="white-space:nowrap; margin-top:30;">
				<fieldset><legend>#current_values#</legend>
				<table border="0" width="100%" class="dialog" cellspacing="5" id="currentValues">
					<tr>
						<td width="150px"><b>#kit_amount#:</b></td>
						<td><div name="dlg_bunlbl_out_kitAmount" id="dlg_bunlbl_out_kitAmount"></div></td>
					</tr>	
					<tr>
						<td width="150px"><b>#location#:</b></td>
						<td><div name="dlg_bunlbl_out_oldLocation" id="dlg_bunlbl_out_oldLocation"></div></td>
					</tr>	
					<tr>
						<td width="150px"><b>#status#:</b></td>
						<td><div name="dlg_bunlbl_out_oldStatus" id="dlg_bunlbl_out_oldStatus"></div></td>
					</tr>
					<tr>
						<td width="150px"><b>#shipment#:</b></td>
						<td><div name="dlg_bunlbl_out_oldShipment" id="dlg_bunlbl_out_oldShipment"></div></td>
					</tr>								
					<tr>
						<td width="150px"><b>#quarantined#:</b></td>
						<td><div name="dlg_bunlbl_out_oldQuarantined" id="dlg_bunlbl_out_oldQuarantined"></div></td>
					</tr>	
					<tr>
						<td width="150px"><b>#expiration_date#:</b></td>
						<td><div name="dlg_bunlbl_out_oldExpirationDate" id="dlg_bunlbl_out_oldExpirationDate"></div></td>
					</tr>
				</table>
				</fieldset>
			
			
				<table border="0" width="100%" class="dialog" cellspacing="5" id="newValues">
					<tr>
						<td width="150px">#kit_amount#:</td>
						<td>
							<input type="text" name="dlg_bunlbl_in_newAmount" id="dlg_bunlbl_in_newAmount" size="3"/>
						</td>
					</tr>
					<tr>
						<td width="150px">#choose_location#:</td>
						<td>
							<select name="dlg_bunlbl_in_locationSelector" id="dlg_bunlbl_in_locationSelector" onChange="updateLocationBatchesUnlabeled()" style="width:145px;"/>
						</td>
					</tr>
					<tr>
						<td width="150px">#choose_shipment#:</td>
						<td>
							<select name="dlg_bunlbl_in_shipmentSelector" id="dlg_bunlbl_in_shipmentSelector" style="width:145px;" onChange="updateShipmentBatchesUnlabeled()">
								<option value="NEW">New shipment</option>
							</select>
						</td>
					</tr>
					<tr>
						<td width="150px">#choose_status#:</td>
						<td>
							<select name="dlg_bunlbl_in_statusSelector" id="dlg_bunlbl_in_statusSelector" style="width:145px;" onChange="updateStatusBatchesUnlabeled()"/>
						</td>
					</tr>
					<tr>
						<td width="150px">#quarantined#:</td>
						<td>
							<input type="checkbox" name="dlg_bunlbl_in_quarantinedCheckbox" id="dlg_bunlbl_in_quarantinedCheckbox" onchange="updateQuarantinedBatchesUnlabeled()"/>
						</td>
					</tr>
					<tr>
						<td width="150px">#expiration_date#:</td>
						<td>
							<input type="text" name="dlg_bunlbl_in_expirationDateValue" id="dlg_bunlbl_in_expirationDateValue" style="width:145px;" onchange="updateExpiryDateBatchesUnlabeled()"/>
						</td>
					</tr>
					<tr>
						<td><div id="format" name="format"/></td>
						<td></td>
					</tr>
					<tr>
						<td align="center" style="white-space:nowrap" colspan="2">
							<button style="width:100px;" value="OK">#ok#</button>
							<button style="width:100px; margin-left:10;" value="CANCEL">#cancel#</button>
						</td>
					</tr> 
				</table>
			</div>
			<input type="hidden" name="dlg_bunlbl_hdn_kitType" id="dlg_bunlbl_hdn_kitType" value=""/>
			<input type="hidden" name="dlg_bunlbl_hdn_count" id="dlg_bunlbl_hdn_count" value=""/>
			<input type="hidden" name="dlg_bunlbl_hdn_newLocation" id="dlg_bunlbl_hdn_newLocation" value=""/>
			<input type="hidden" name="dlg_bunlbl_hdn_newLocationId" id="dlg_bunlbl_hdn_newLocationId" value=""/>
			<input type="hidden" name="dlg_bunlbl_hdn_oldLocationId" id="dlg_bunlbl_hdn_oldLocationId" value=""/>
			<input type="hidden" name="dlg_bunlbl_hdn_newShipment" id="dlg_bunlbl_hdn_newShipment" value=""/>
			<input type="hidden" name="dlg_bunlbl_hdn_newStatus" id="dlg_bunlbl_hdn_newStatus" value=""/>
			<input type="hidden" name="dlg_bunlbl_hdn_newQuarantined" id="dlg_bunlbl_hdn_newQuarantined" value=""/>
			<input type="hidden" name="dlg_bunlbl_hdn_newExpirationDate" id="dlg_bunlbl_hdn_newExpirationDate" value=""/>
			<input type="hidden" name="dlg_bunlbl_hdn_mode" id="dlg_bunlbl_hdn_mode" value=""/>
			<input type="hidden" name="dlg_bunlbl_hdn_oldAmount" id="dlg_bunlbl_hdn_oldAmount" value=""/>
			<input type="hidden" name="dlg_bunlbl_hdn_oldShipment" id="dlg_bunlbl_hdn_oldShipment" value=""/>
		</div>
		<script><![CDATA[
		
			function setLocationBatchesUnlabeled(id, shipmentName, statusName){
				var formDialog = top.d_DrugBatchUnlabeledEditDlg.form;			
				var locations = top.formWindow().locations;
				var shipments = top.formWindow().shipments;
				var labelMode = top.formWindow().labelMode;
				
				if(shipmentName == null){
					shipmentName = "";
				}
				
				if (statusName == null){
					statusName = "";
				}
					
				var statusListBox = formDialog.elements["dlg_bunlbl_in_statusSelector"];
				for (var j=statusListBox.options.length-1; j >= 0 ; j--){
					statusListBox.remove(j);
				}
			
                var shipmentListBox = formDialog.elements["dlg_bunlbl_in_shipmentSelector"];
				for (var j=shipmentListBox.options.length-1; j >= 0 ; j--){
					shipmentListBox.remove(j);
				}

				var fromLocation = top.d_DrugBatchUnlabeledEditDlg.getParameter("dlg_bunlbl_hdn_oldLocationId");
				var oldShipment = top.d_DrugBatchUnlabeledEditDlg.getParameter("dlg_bunlbl_hdn_oldShipment");
                var toLocation = id;
                
                if (oldShipment != ""){
                    var i = top.formWindow().getIndexByAttribute(shipments, "name", oldShipment);
                    fromLocation = shipments[i].fromLocationId;
                } 
				
				{
                    var i = top.formWindow().getIndexByAttribute(locations, "id", toLocation);
                    if (labelMode != "LABELED_AT_SHIPMENT" || locations[i].clazz != 'Site'){
                        var opt = document.createElement("option");
                        opt.value = "";
                        opt.text = "None";
                        if (shipmentName == "" ){
                            opt.selected=true;
                            formDialog.elements["dlg_bunlbl_hdn_newShipment"].value=opt.value;
                            resetStatusValuesBatchesUnlabeled(toLocation, "", statusName);
                        }
                        shipmentListBox.add(opt);
                    }
                }
               
               {
               	    var j = top.formWindow().getIndexByAttribute(locations, "id", toLocation);
                    var i = top.formWindow().getIndexByAttribute(locations, "id", fromLocation);
                    if (i > -1 && top.formWindow().getIndexByAttribute(locations[i].deliveringTo, null, toLocation)>=0 && locations[j].locatoinOrUserAllowed){
                        var opt = document.createElement("option");
                        opt.text = "#new_shipment#";
                        opt.value = "NEW";
                        if (shipmentName == ""){
                            opt.selected=true;
							formDialog.elements["dlg_bunlbl_hdn_newShipment"].value=opt.value;
                            resetStatusValuesBatchesUnlabeled(toLocation, "NEW", statusName);
                        }
                        shipmentListBox.add(opt);
                    }
                }
                
                if (fromLocation != toLocation){
                   for (var i=0; i < shipments.length; i++){
                        if(shipments[i].fromLocationId == fromLocation && shipments[i].toLocationId == toLocation){
                            var opt = document.createElement("option");
                            opt.value = shipments[i].name;
                            opt.text =  shipments[i].name;
                                    
                                if (shipmentName != null){
                                    if (shipments[i].name == shipmentName){
                                        opt.selected = true;
										formDialog.elements["dlg_bunlbl_hdn_newShipment"].value=opt.value;
                                        resetStatusValuesBatchesUnlabeled(toLocation, shipmentName, statusName);
                                    }
                                } 
                            shipmentListBox.add(opt);
                        }
                    }
                }
			}
			
			function updateLocationBatchesUnlabeled(){
				var formDialog = top.d_DrugBatchUnlabeledEditDlg.form;
				var elt_from = formDialog.elements["dlg_bunlbl_in_locationSelector"];
				var locationId = elt_from.options[elt_from.selectedIndex].value;
				var location = elt_from.options[elt_from.selectedIndex].text;
				formDialog.elements["dlg_bunlbl_hdn_newLocation"].value=location;
				formDialog.elements["dlg_bunlbl_hdn_newLocationId"].value=locationId;
				setLocationBatchesUnlabeled(locationId, "", "");
			}
			
			function resetStatusValuesBatchesUnlabeled(toLocation, shipmentName, statusName){
				var formDialog = top.d_DrugBatchUnlabeledEditDlg.form;
				var locations = top.formWindow().locations;
				var shipments = top.formWindow().shipments;
				var statusForNewShipments = top.formWindow().statusForNewShipments;
				
				var statusSelector = formDialog.elements["dlg_bunlbl_in_statusSelector"];
				for (var j=statusSelector.options.length-1; j >= 0 ; j--){
					statusSelector.remove(j);
				}
                
                var location = null;
   			   	{
                    var i = top.formWindow().getIndexByAttribute(locations, "id", toLocation);
                    location = locations[i];
               	}

              	var statusList = null;
              	if (shipmentName == ""){
                  	statusList = top.formWindow().availableStatusIds(location.clazz, null);
              	} else if(shipmentName=="NEW"){
              		statusList = top.formWindow().availableStatusIds(location.clazz, statusForNewShipments);
              	} else {
                	var i = top.formWindow().getIndexByAttribute(shipments, "name", shipmentName);
                 	statusList =  top.formWindow().availableStatusIds(location.clazz, shipments[i].statusId);
              	}
                
				for (var i=0; i < statusList.length; i++){
					var opt = document.createElement("option");
					opt.value = statusList[i].name;
                	opt.text = statusList[i].name;
					if (statusName != ""){
                  		if (opt.value == statusName){
                    		opt.selected = true;
							formDialog.elements["dlg_bunlbl_hdn_newStatus"].value = opt.value;
                  		}
                	} else {
                    	if (i==0){
                        	opt.selected = true;
							formDialog.elements["dlg_bunlbl_hdn_newStatus"].value = opt.value;
                    	}
                	}
                	if (opt.selected){
						formDialog.elements["dlg_bunlbl_hdn_newStatus"].value = opt.value;
    	            }
					statusSelector.add(opt);
                }
			}
			
			function updateShipmentBatchesUnlabeled(){
				var formDialog = top.d_DrugBatchUnlabeledEditDlg.form;
				var elt_from = formDialog.elements["dlg_bunlbl_in_shipmentSelector"];
				var shipmentName =  elt_from.options[elt_from.selectedIndex].value;
				formDialog.elements["dlg_bunlbl_hdn_newShipment"].value=shipmentName;
                
                var elt_from1 = formDialog.elements["dlg_bunlbl_in_locationSelector"];
                var toLocation =  elt_from1.options[elt_from1.selectedIndex].value;
				
				resetStatusValuesBatchesUnlabeled(toLocation, shipmentName, "");
			}

			function updateStatusBatchesUnlabeled(){
				var formDialog = top.d_DrugBatchUnlabeledEditDlg.form;
				
				var elt_from = formDialog.elements["dlg_bunlbl_in_statusSelector"];
				var statusName =  elt_from.options[elt_from.selectedIndex].value;
				formDialog.elements["dlg_bunlbl_hdn_newStatus"].value=statusName;
			}
			
			function updateQuarantinedBatchesUnlabeled(){
				var formDialog = top.d_DrugBatchUnlabeledEditDlg.form;
			
				if (formDialog.elements["dlg_bunlbl_in_quarantinedCheckbox"].checked){
        			formDialog.elements["dlg_bunlbl_hdn_newQuarantined"].value = "true";
        		}else{
					formDialog.elements["dlg_bunlbl_hdn_newQuarantined"].value = "false";
        		}
			}
			
			function updateExpiryDateBatchesUnlabeled(){
				var formDialog = top.d_DrugBatchUnlabeledEditDlg.form;
				var expirationDateValue = formDialog.elements["dlg_bunlbl_in_expirationDateValue"].value;
				formDialog.elements["dlg_bunlbl_hdn_newExpirationDate"].value = expirationDateValue;
			}
			
			function disableElementsBatchesUnlabeled(mode) {
				var formDialog = top.d_DrugBatchUnlabeledEditDlg.form;
				var oldStatus = top.d_DrugBatchUnlabeledEditDlg.getParameter("dlg_bunlbl_out_oldStatus");
				
				if (oldStatus == "EXPIRED" || oldStatus == "EXPIRING_SOON") {
					formDialog.elements["dlg_bunlbl_in_locationSelector"].disabled = true;
					formDialog.elements["dlg_bunlbl_in_shipmentSelector"].disabled = true;
					formDialog.elements["dlg_bunlbl_in_statusSelector"].disabled = true;
					formDialog.elements["dlg_bunlbl_in_quarantinedCheckbox"].disabled = true;
				} else {
					formDialog.elements["dlg_bunlbl_in_locationSelector"].disabled = false;
					formDialog.elements["dlg_bunlbl_in_shipmentSelector"].disabled = false;
					formDialog.elements["dlg_bunlbl_in_statusSelector"].disabled = false;
					formDialog.elements["dlg_bunlbl_in_quarantinedCheckbox"].disabled = false;
				}
			}
			
			if (self.dialog) {
				var formDialog = top.d_DrugBatchUnlabeledEditDlg.form;       		
				var quarantinedParameter = top.d_DrugBatchUnlabeledEditDlg.getParameter("dlg_bunlbl_out_oldQuarantined");
        		if ("true" == quarantinedParameter){
					formDialog.elements["dlg_bunlbl_in_quarantinedCheckbox"].checked = true;
        		} else {
					formDialog.elements["dlg_bunlbl_in_quarantinedCheckbox"].checked = false;
        		}
        		        		
				var locationParameter = top.d_DrugBatchUnlabeledEditDlg.getParameter("dlg_bunlbl_hdn_oldLocationId");					
        		var shipmentParameter = formDialog.elements["dlg_bunlbl_hdn_oldShipment"].value;
				var statusParameter = top.d_DrugBatchUnlabeledEditDlg.getParameter("dlg_bunlbl_out_oldStatus");
				var expirationDateParameter = top.d_DrugBatchUnlabeledEditDlg.getParameter("dlg_bunlbl_out_oldExpirationDate");
        		
				formDialog.elements["dlg_bunlbl_in_expirationDateValue"].value = expirationDateParameter;
				
        		var locationSelector = formDialog.elements["dlg_bunlbl_in_locationSelector"];
        		for (var i=0; i < locationSelector.options.length; i++){
        			var opt = locationSelector.options[i];
				    if (opt.value == locationParameter){
				    	opt.selected=true;
				    };
        		}
        		
        		setLocationBatchesUnlabeled(locationParameter, shipmentParameter, statusParameter);
				
				var mode = formDialog.elements["dlg_bunlbl_hdn_mode"].value;		
				disableElementsBatchesUnlabeled(mode);
			}
			
			
		]]></script>
	</dialog>

</application-gui>
	