<?xml version="1.0" encoding="UTF-8"?>
<application-gui>

	<dialog id="DrugQuantityAssessmentKitDlg" title="#QuantityAssessmentDlg#" style="display:none; width:400px; height:400px;" _keepTree="yes">
		<div id="DrugQuantityAssessmentKitDlg" style="display:block;">
			<div id="fupDescr" style="padding:5 5 5 5; margin-bottom:10;"></div>
			<div id="fupButtons" align="right" style="white-space:nowrap; margin-top:30;">
				<fieldset><legend>#current_values#</legend>
				<table border="0" width="100%" class="dialog" cellspacing="5" id="dlg_qass_kit_currentValues" name="dlg_qass_kit_currentValues">
					<tr>
						<td width="120px"><b>#kit_amount#:</b></td>
						<td><div name="dlg_qass_kit_out_oldAmount" id="dlg_qass_kit_out_oldAmount"></div></td>
					</tr>
					<tr>
						<td width="120px"><b>#status#:</b></td>
						<td><div name="dlg_qass_kit_out_oldStatus" id="dlg_qass_kit_out_oldStatus"></div></td>
					</tr>
					<tr>
						<td width="120px"><b>#shipment#:</b></td>
						<td><div name="dlg_qass_kit_out_shipment" id="dlg_qass_kit_out_shipment"></div></td>
					</tr>								
					<tr>
						<td width="120px"><b>#kit_type#:</b></td>
						<td><div name="dlg_qass_kit_out_kittype" id="dlg_qass_kit_out_kittype"></div></td>
					</tr>								
					<tr>
						<td width="120px"><b>#batch#:</b></td>
						<td><div name="dlg_qass_kit_out_batch" id="dlg_qass_kit_out_batch"></div></td>
					</tr>
					<tr>
						<td width="120px"><b>#dispense_date#:</b></td>
						<td><div name="dlg_qass_kit_out_dispenseDate" id="dlg_qass_kit_out_dispenseDate"></div></td>
					</tr>		
					<tr>
						<td width="120px"><b>#visit#:</b></td>
						<td><div name="dlg_qass_kit_out_visit" id="dlg_qass_kit_out_visit"></div></td>
					</tr>		
					<tr id="dlg_qass_kit_tr_patNo" style="display:none">
						<td width="120px"><b>#patNo#:</b></td>
						<td><div name="dlg_qass_kit_out_patNo" id="dlg_qass_kit_out_patNo"></div></td>
					</tr>	
					<tr id="dlg_qass_kit_tr_scrNo" style="display:none">
						<td width="120px"><b>#scrNo#:</b></td>
						<td><div name="dlg_qass_kit_out_scrNo" id="dlg_qass_kit_out_scrNo"></div></td>
					</tr>
					<tr id="dlg_qass_kit_tr_count" style="display:none">
						<td width="120px"><b>#count#:</b></td>
						<td><div name="dlg_qass_kit_out_count" id="dlg_qass_kit_out_count"></div></td>
					</tr>						
				</table>
				</fieldset>
			
			
				<table border="0" width="100%" class="dialog" cellspacing="5">
					<tr>
						<td width="150px">#kit_amount#:</td>
						<td>
							<input type="text" id="dlg_qass_kit_in_newAmount" name="dlg_qass_kit_in_newAmount" size="3"/>
						</td>
					</tr>
					<tr>
						<td width="150px">#choose_status#:</td>
						<td>
							<select name="dlg_qass_kit_in_statusSelector" id="dlg_qass_kit_in_statusSelector" style="width:145px;" onChange="dlg_qass_kit_updateStatus()"/>
						</td>
					</tr>
					<tr>
						<td align="center" style="white-space:nowrap" colspan="2">
							<button style="width:100px;" value="OK">OK</button>
							<button style="width:100px; margin-left:10;" value="CANCEL">#Cancel#</button>
						</td>
					</tr>
				</table>
			</div>
			<input type="hidden" name="dlg_qass_kit_hdn_newStatus" id="dlg_qass_kit_hdn_newStatus" value=""/>
			<input type="hidden" name="dlg_qass_kit_hdn_showCount" id="dlg_qass_kit_hdn_showCount" value=""/>
			<input type="hidden" name="dlg_qass_kit_hdn_showPatNo" id="dlg_qass_kit_hdn_showPatNo" value=""/>
			<input type="hidden" name="dlg_qass_kit_hdn_showScrNo" id="dlg_qass_kit_hdn_showScrNo" value=""/>
			<select name="dlg_qass_kit_hdn_statusSelector" id="dlg_qass_kit_hdn_statusSelector" style="display:none"/>
		</div>
		<script><![CDATA[
			function dlg_qass_kit_updateStatus(){
				var form = top.d_DrugQuantityAssessmentKitDlg.form;
				var elt_from = form.elements["dlg_qass_kit_in_statusSelector"];
				var statusName = elt_from.options[elt_from.selectedIndex].value;
				form.elements["dlg_qass_kit_hdn_newStatus"].value=statusName;
			}
			
			if (self.dialog) {
				var form = top.d_DrugQuantityAssessmentKitDlg.form;
				transferSelectBoxEntries(form, "dlg_qass_kit_hdn_statusSelector", "dlg_qass_kit_in_statusSelector");
				
				var tbl = form.elements["dlg_qass_kit_currentValues"];
				var row = null;
				var cell = null;
				var textNode = null;
				
				var showPatNo = document.getElementById("dlg_qass_kit_hdn_showPatNo").value;
				var showScrNo = document.getElementById("dlg_qass_kit_hdn_showScrNo").value;
				var showCount = document.getElementById("dlg_qass_kit_hdn_showCount").value;
				
				if (showPatNo == "true") {
					var tableRow = document.getElementById("dlg_qass_kit_tr_patNo");
					tableRow.style.display = "";					
				}
				if (showScrNo == "true") {
					var tableRow = document.getElementById("dlg_qass_kit_tr_scrNo");
					tableRow.style.display = "";
				}
				if (showCount == "true") {
					var tableRow = document.getElementById("dlg_qass_kit_tr_count");
					tableRow.style.display = "";
				}
			}
			
		]]></script>
	</dialog>

</application-gui>
	