<?xml version="1.0" encoding="UTF-8"?>
<application-gui>

	<dialog id="DrugKitFileUploadDlg" title="#file_upload#" style="display:none; width:400px; height:230px;" _keepTree="yes">
		<div id="UploadFileDialog" style="display:block;">
			<div id="fupDescr" style="padding:5 5 5 5; margin-bottom:10;"></div>
			<div id="fupButtons" align="right" style="white-space:nowrap; margin-top:10;">
				<table border="0" width="100%" class="dialog" cellspacing="5" id="dlg_upl_kit_newValues">
					<tr>
						<td>#choose_imported_file#:</td>
					</tr>
					<tr>
						<td>
							<input type="file" name="dlg_upl_kit_datafile" id="dlg_upl_kit_datafile" size="40" />
						</td>
					</tr>
					<tr>
						<td>Please specify separator:</td>
					</tr>
					<tr>
						<td>
							<input id="dlg_upl_kit_separator" name="dlg_upl_kit_separator" size="1" maxlength="1" value=","/>
						</td>
					</tr>
					<tr>
						<td align="center" style="white-space:nowrap">
							<button style="width:100px;" value="OK">#ok#</button>
							<button style="width:100px; margin-left:10;" value="CANCEL">#cancel#</button>
						</td>
					</tr> 
				</table>
			</div>
			<input type="hidden" name="dlg_upl_kit_hdn_context" id="dlg_upl_kit_hdn_context" value="" />
			<input type="hidden" name="dlg_upl_kit_hdn_filetype" id="dlg_upl_kit_hdn_filetype" value=""/>
			<input type="hidden" name="dlg_upl_kit_hdn_optionalParameter" id="dlg_upl_kit_hdn_optionalParameter" value=""/>
			<input type="hidden" name="dlg_upl_kit_hdn_operation" id="dlg_upl_kit_hdn_operation" value=""/>
		</div>
		<script><![CDATA[		
			if (self.dialog) {
				var urlPrefix = top.urlPrefix;
				var f = self.dialog.form;

				f.action=urlPrefix+"submit_import_file";
				f.enctype="multipart/form-data";
				f.encoding="multipart/form-data";
				f.method="POST";
				f.target="DrugKitFileUploadDlg_dlg_commandPipe"; 
				
				document.getElementById("dlg_upl_kit_separator").value = ";";
			
			}
		]]></script>
	</dialog>

</application-gui>
	