<?xml version="1.0" encoding="UTF-8"?>
<application-gui>

	<dialog id="DrugPostAssessmentLabeledDlg" title="#drug_post_assessment_lbld_dlg#" style="display:none; width:350px; height:250px;" _keepTree="yes">
		<div id="DrugPostAssessmentLabeledDlg" style="display:block;">
			<div id="fupDescr" style="padding:5 5 5 5; margin-bottom:10;"></div>
			<div id="fupButtons" align="right" style="white-space:nowrap; margin-top:10;">
				<fieldset><legend>#current_values#</legend>
				<table border="0" width="100%" class="dialog" cellspacing="5" id="dlg_post_ass_lbld_currentValues" name="dlg_post_ass_lbld_currentValues">
					<tr>
						<td width="120px"><b>#kit_name#:</b></td>
						<td><div name="dlg_post_ass_lbld_out_name" id="dlg_post_ass_lbld_out_name"></div></td>
					</tr>
					<tr>
						<td width="120px"><b>#shipment#:</b></td>
						<td><div name="dlg_post_ass_lbld_out_shipment" id="dlg_post_ass_lbld_out_shipment"></div></td>
					</tr>								
				</table>
				</fieldset>
			
			
				<table border="0" width="100%" class="dialog" cellspacing="5">
					<tr>
						<td width="150px">#choose_status#:</td>
						<td>
							<select name="dlg_post_ass_lbld_in_statusSelector" id="dlg_post_ass_lbld_in_statusSelector" style="width:145px;" onChange="dlg_post_ass_lbld_updateStatus()"/>
						</td>
					</tr>
					<tr>
						<td align="center" style="white-space:nowrap" colspan="2">
							<button style="width:100px;" value="OK">OK</button>
							<button style="width:100px; margin-left:10;" value="CANCEL">#Cancel#</button>
						</td>
					</tr>
				</table>
			</div>
			<input type="hidden" name="dlg_post_ass_lbld_hdn_newStatus" id="dlg_post_ass_lbld_hdn_newStatus" value=""/>
			<select name="dlg_post_ass_lbld_hdn_statusSelector" id="dlg_post_ass_lbld_hdn_statusSelector" style="display:none"/>
		</div>
		<script><![CDATA[
			function dlg_post_ass_lbld_updateStatus(){
				var form = top.d_DrugPostAssessmentLabeledDlg.form;
				var elt_from = form.elements["dlg_post_ass_lbld_in_statusSelector"];
				var statusName = elt_from.options[elt_from.selectedIndex].value;
				form.elements["dlg_post_ass_lbld_hdn_newStatus"].value=statusName;
			}
			
			if (self.dialog) {
				var form = top.d_DrugPostAssessmentLabeledDlg.form;
				transferSelectBoxEntries(form, "dlg_post_ass_lbld_hdn_statusSelector", "dlg_post_ass_lbld_in_statusSelector");
			}
		]]></script>
	</dialog>

</application-gui>
	