<?xml version="1.0" encoding="UTF-8"?>
<application-gui>

	<dialog id="DrugFileUploadDlg" title="#file_upload#" style="display:none; width:400px; height:230px;" _keepTree="yes">
		<div id="UploadFileDialog" style="display:block;">
			<div id="fupDescr" style="padding:5 5 5 5; margin-bottom:10;"></div>
			<div id="fupButtons" align="right" style="white-space:nowrap; margin-top:10;">
				<table border="0" width="100%" class="dialog" cellspacing="5" id="dlg_upl_rand_newValues">
					<tr>
						<td>#choose_imported_file#:</td>
					</tr>
					<tr>
						<td>
							<input type="file" name="dlg_upl_rand_datafile" id="dlg_upl_rand_datafile" size="40" />
						</td>
					</tr>
					<tr id="dlg_upl_rand_tr_seperator_label" style="display:none" width="40px">
						<td>Please specify separator:</td>
					</tr>
					<tr id="dlg_upl_rand_tr_seperator" style="display:none" width="40px">
						<td>
							<input type="text" name="dlg_upl_rand_in_separator" id="dlg_upl_rand_in_separator" size="3" value="," />
						</td>
					</tr>
					<tr>
						<td align="center" style="white-space:nowrap">
							<button style="width:100px;" value="OK">OK</button>
							<button style="width:100px; margin-left:10;" value="CANCEL">#Cancel#</button>
						</td>
					</tr> 
				</table>
			</div>
			<input type="hidden" name="dlg_upl_rand_hdn_context" id="dlg_upl_rand_hdn_context" value="" />
			<input type="hidden" name="dlg_upl_rand_hdn_optionalParameter" id="dlg_upl_rand_hdn_optionalParameter" value=""/>
			<input type="hidden" name="dlg_upl_rand_hdn_operation" id="dlg_upl_rand_hdn_operation" value="FileUpload"/>
			<input type="hidden" name="dlg_upl_rand_hdn_showSeparator" id="dlg_upl_rand_hdn_showSeparator" value="true"/>
		</div>
		<script><![CDATA[
			if (self.dialog) {
				var urlPrefix = top.urlPrefix;
				var f = self.dialog.form;

				f.action=urlPrefix+"submit_import_file";
				f.enctype="multipart/form-data";
				f.encoding="multipart/form-data";
				f.method="POST";
				f.target="DrugFileUploadDlg_dlg_commandPipe"; 
				
				var showSeparator = document.getElementById("dlg_upl_rand_hdn_showSeparator").value;
				
				if(showSeparator == "true"){
					var tableRow = document.getElementById('dlg_upl_rand_tr_seperator_label');
					tableRow.style.display = "";
					
					tableRow = document.getElementById('dlg_upl_rand_tr_seperator');
					tableRow.style.display = "";
				}
			}

		]]></script>
	</dialog>

</application-gui>
	