<?xml version="1.0" encoding="UTF-8"?>
<application-gui>

	<dialog id="KitReplacementUnlabeledEditDlg" title="#kit_replacement#" style="display:none; width:400px; height:400px;" _keepTree="yes">
		<div id="KitReplacementUnlabeledEditDlg" style="display:block;">
			<div id="fupDescr" style="padding:5 5 5 5; margin-bottom:10;"></div>
			<div id="fupButtons" align="right" style="white-space:nowrap; margin-top:30;">
				<fieldset><legend>#current_values#</legend>
				<table border="0" width="100%" class="dialog" cellspacing="5" id="dlg_krepl_ulbl_tbl_currentValues">
					<tr>
						<td width="150px"><b>#kit_amount#:</b></td>
						<td><div name="dlg_krepl_ulbl_oldAmount" id="dlg_krepl_ulbl_oldAmount"></div></td>
					</tr>	
					<tr>
						<td width="150px"><b>#kit_type#:</b></td>
						<td><div name="dlg_krepl_ulbl_kitType" id="dlg_krepl_ulbl_kitType"></div></td>
					</tr>	
					<tr>
						<td width="150px"><b>#status#:</b></td>
						<td><div name="dlg_krepl_ulbl_oldStatus" id="dlg_krepl_ulbl_oldStatus"></div></td>
					</tr>	
					<tr>
						<td width="150px"><b>#visit#:</b></td>
						<td><div name="dlg_krepl_ulbl_visit" id="dlg_krepl_ulbl_visit"></div></td>
					</tr>	
					<tr>
						<td width="150px"><b>#date_of_dispense#:</b></td>
						<td><div name="dlg_krepl_ulbl_dispenseDate" id="dlg_krepl_ulbl_dispenseDate"></div></td>
					</tr>	
					<tr>
						<td width="150px"><b>#batch_name#:</b></td>
						<td><div name="dlg_krepl_ulbl_batchName" id="dlg_krepl_ulbl_batchName"></div></td>
					</tr>					
					<tr id="dlg_krepl_ulbl_tr_patNo" style="display:none">
						<td width="150px"><b><div name="dlg_krepl_ulbl_patNoLabel" id="dlg_krepl_ulbl_patNoLabel"></div></b></td>
						<td><div name="dlg_krepl_ulbl_patNo" id="dlg_krepl_ulbl_patNo"></div></td>
					</tr>	
					<tr id="dlg_krepl_ulbl_tr_scrNo" style="display:none">
						<td width="150px"><b><div name="dlg_krepl_ulbl_scrNoLabel" id="dlg_krepl_ulbl_scrNoLabel"></div></b></td>
						<td><div name="dlg_krepl_ulbl_scrNo" id="dlg_krepl_ulbl_scrNo"></div></td>
					</tr>	
					<tr>
						<td width="150px"><b>#expiration_date#:</b></td>
						<td><div name="dlg_krepl_ulbl_expirationDate" id="dlg_krepl_ulbl_expirationDate"></div></td>
					</tr>						
				</table>
				</fieldset>
			
			
				<table border="0" width="100%" class="dialog" cellspacing="5" id="dlg_krepl_ulbl_tbl_newValues">
					<tr>
						<td width="150px">#kit_amount#:</td>
						<td>
							<input name="dlg_krepl_ulbl_amountToReplace" id="dlg_krepl_ulbl_amountToReplace" size="3" type="text"/>
						</td>
					</tr>
					<tr>
						<td width="150px">#choose_status#:</td>
						<td>
							<select name="dlg_krepl_ulbl_in_statusSelector" style="width:145px;" onChange="dlg_krepl_ulbl_updateStatus()"/>
						</td>
					</tr>
					<tr>
						<td align="center" style="white-space:nowrap" colspan="2">
							<button style="width:100px;" value="OK">#ok#</button>
							<button style="width:100px; margin-left:10;" value="CANCEL">#cancel#</button>
						</td>
					</tr> 
				</table>
			</div>
			<input type="hidden" name="dlg_krepl_ulbl_newStatus" id="dlg_krepl_ulbl_newStatus" value=""/>
			<input type="hidden" name="dlg_krepl_ulbl_showPatNo" id="dlg_krepl_ulbl_showPatNo" value=""/>
			<input type="hidden" name="dlg_krepl_ulbl_showScrNo" id="dlg_krepl_ulbl_showScrNo" value=""/>
			<select name="dlg_krepl_ulbl_hdn_statusSelector" style="display:none"/>
		</div>
		<script><![CDATA[
			function dlg_krepl_ulbl_updateStatus() {
				var form = top.d_KitReplacementUnlabeledEditDlg.form;
				var elt_from = form.elements["dlg_krepl_ulbl_in_statusSelector"];
				var statusName =  elt_from.options[elt_from.selectedIndex].value;
				form.elements["dlg_krepl_ulbl_newStatus"].value=statusName;
			}
			
			if (self.dialog) {
        		var form = top.d_KitReplacementUnlabeledEditDlg.form;
        		
        		transferSelectBoxEntries(form, "dlg_krepl_ulbl_hdn_statusSelector", "dlg_krepl_ulbl_in_statusSelector");
        		dlg_krepl_ulbl_updateStatus();
        		
        		var showPatNo = form.elements["dlg_krepl_ulbl_showPatNo"].value;
				var showScrNo = form.elements["dlg_krepl_ulbl_showScrNo"].value;
				
				if (showPatNo == "true") {
					var tableRow = document.getElementById("dlg_krepl_ulbl_tr_patNo");
					tableRow.style.display = "";
				}
				if (showScrNo == "true") {
					var tableRow = document.getElementById("dlg_krepl_ulbl_tr_scrNo");
					tableRow.style.display = "";
				}

			}
			
		]]></script>
	</dialog>

</application-gui>
	