<?xml version="1.0" encoding="UTF-8"?>
<application-gui>  
	<toolbar id="DrugToolBar" root="yes"/>
	

	<menubar id="DrugMenuBar" root="yes"> 
 		<button id="switch" label="Portal" tooltip="Portal" allow="PORTAL_VIEW">
			<icon src="images/mp.png" height="16" width="16" />
			
			<menu id="switch">
				<item label="Portal">
					<command><![CDATA[	
						function(menuItem) {
							top.switchRole("PORTAL");						
						}
					]]></command>
				</item>
			</menu>
			
		</button>
		
	 
		<menu id="file" label="Menu">
			<item label="#New#">
				<icon src="images/new.gif" />
				<command><![CDATA[	
				function(menuItem) {
					var url = top.urlPrefix+"commands/new_element";
       	  			top.pipeCommand(top.document.getElementById('commandPipe'), url);
       	  		} 
				]]></command>

			</item>
		    			
			<item label="#Exit#">
				<icon src="images/exit.gif" />
				<command><![CDATA[	
					function(menuItem) {
						top.location.replace(top.urlPrefix+"logout"+(top.ext_url?top.ext_url:""));
					}
				]]></command>
			</item>
			
		</menu>
		
		<menu id="view_drug" label="#View#"/>
		
		<menu id="help" label="#Help#">
			<item label="#About#">
				<icon src="images/info20.gif" />
				<command><![CDATA[	
					function(menuItem) {
						d_AboutDlg.setParameter("aboutCrfContent", top.crfDescription);
						if (top.prjLogo) {
							d_AboutDlg.setParameter("aboutPrjContent",
								"<table class='dialog' width=100%>"+
									"<tr><td align=left valign=top><img src='"+top.prjLogo+"'></td>"+
									"<td valign=top>"+top.prjDescription+"</td></tr>"+
								"</table>"
							);
						} else {
							d_AboutDlg.setParameter("aboutPrjContent", top.prjDescription);
						}
						d_AboutDlg.show();
					}
				]]></command>
			</item>
		</menu>
		
	</menubar>
	
</application-gui>