<?xml version="1.0" encoding="UTF-8"?>
<application-gui>  

	<wlist id="ScheduledNotifications" root="true" contentClass="field" style="border:0px" 
		onClickCmd="function onclick(id, colNo, cell, event){ return top.loadDrugRecord(id, 'right/container', ''); }"
		drugDescr="All scheduled Notificatoins">
	  <property name="headerSqlRequest"><![CDATA[
          SELECT
            N.ID AS ROW_ID /*META[display:false;]*/,
            N.NAME AS NAME /*META[label:#notification#; tooltip:#notification#; type:String; width:100; ]*/,
            N.LASTACTION AS LASTACTION_NATIVE /*META[display:false;]*/,
            TO_CHAR(N.LASTACTION, CONF.VALUE || ' HH24:MI') AS LASTACTION /*META[label:#last_action#; tooltip: #last_action#; type String; width 100; referByOrderAs:LASTACTION_NATIVE ] */
          FROM
            DRUG_NOTIFICATION N,
            DRUG_CONFIGURATION CONF
          WHERE N.PARAMETER IS NULL
            AND CONF.NAME = 'DB::DateFormat'
	  ]]></property>
	  <property name="filterParameters">
		N.NAME {
			Label:#notification#;
		} 
	  </property>
	</wlist>

	<wlist id="EnrolmentCategoryList" root="true" contentClass="field" style="border:0px" 
		onClickCmd="function onclick(id, colNo, cell, event){ return top.loadDrugRecord(id, 'right/container', ''); }"
		drugDescr="All enrollment Categories">
	  <property name="headerSqlRequest"><![CDATA[
          SELECT
            C.ID AS ROW_ID /*META[display:false;]*/,
            C.NAME AS NAME /*META[label:#enrollment_category#; tooltip:#enrollment_category#; type:String; width:100; ]*/,
            DECODE(C.IS_DEFAULT,1,'True',Null) AS IS_DEFAULT /*META[label:#default#; tooltip:#default_enrollment_category#; type:String; width:100; ]*/ 
          FROM
            DRUG_ENROLMENT_CAT C
	  ]]></property>
	  <property name="filterParameters">
		C.NAME {
			Label:#enrollment_category#;
		} 	
	  </property>
	</wlist>


	<wlist id="RndNoListDefault" root="true" contentClass="field" style="border:0px" 
		onClickCmd="function onclick(id, colNo, cell, event){ return top.loadDrugRecord(id, 'right/container', ''); }"
		drugDescr="Randomized patient list for sites supervised by worker or directly assigned">
	  <property name="headerSqlRequest"><![CDATA[
		select 
            RNDNO.ID AS ROW_ID /*META[display:false;]*/, 
            RNDNO.PAT_NO AS PAT_NO /*META[label:#PatNo#; display:{display.patNo}; tooltip:#PatNo#; type:Long; width:65; ]*/, 
            PAT.SCR_NO /*META[label:#ScrNo#; display:{display.scrNo}; tooltip:#ScrNo#; type:Long; width:75; ]*/,
             SITE.NAME AS SITE /*META[label:#site#; tooltip:#site#; type:String; width:100; ]*/
        from 
            DRUG_RNDNO RNDNO, 
            USR_PAT PAT,
            V_DRUG_LOCATION SITE,
            (SELECT LOCATION_ID AS ID
                FROM V_DRUG_LOCATIONS_FOR_WORKER 
                WHERE WORKER_ID = :worker_id) RELEVANT_LOCATIONS
        WHERE RELEVANT_LOCATIONS.ID = PAT.SIT_ID
          AND RNDNO.PAT_ID = PAT.PAT_ID
          AND SITE.ID = PAT.SIT_ID          
        ORDER BY SITE.NAME, RNDNO.PAT_NO
	  ]]></property>
	  <property name="filterParameters">
	  	SITE.NAME {
			Label:#site#;
		} 
		RNDNO.PAT_NO {
			Label:display.patNo;
		} 	
		PAT.SCR_NO {
			Label:display.scrNo;
		}
	  </property>
	</wlist>
	
	<wlist id="PatientListDefault" root="true" contentClass="field" style="border:0px" 
		onClickCmd="function onclick(id, colNo, cell, event){ return top.loadDrugRecord(id, 'right/container', ''); }"
		drugDescr="Patient list for sites supervised by worker or directly assigned">
	  <property name="headerSqlRequest"><![CDATA[
		select 
            PAT.PAT_ID AS ROW_ID /*META[display:false;]*/, 
            PAT.PAT_NO AS PAT_NO /*META[label:#PatNo#; display:{display.patNo}; tooltip:#PatNo#; type:Long; width:65; ]*/, 
            PAT.SCR_NO /*META[label:#ScrNo#; tooltip:#ScrNo#; type:Long; width:75; ]*/,
             SITE.NAME AS SITE /*META[label:#site#; tooltip:#site#; type:String; width:100; ]*/
        from 
            USR_PAT PAT,
            V_DRUG_LOCATION SITE,
            (SELECT LOCATION_ID AS ID 
                FROM V_DRUG_LOCATIONS_FOR_WORKER 
               	WHERE WORKER_ID = :worker_id) RELEVANT_LOCATIONS
        WHERE RELEVANT_LOCATIONS.ID = PAT.SIT_ID
          AND SITE.ID = PAT.SIT_ID          
        ORDER BY SITE.NAME, PAT.PAT_NO
	  ]]></property>
	  <property name="filterParameters">
	  	SITE.NAME {
			Label:#site#;
		} 
		PAT.PAT_NO {
			Label:display.patNo;
		} 	
		PAT.SCR_NO {
			Label:#ScrNo#;
		}
	  </property>
	</wlist>
	
	<wlist id="KitListAssigned2RandomPat" root="true" contentClass="field" style="border:0px" 
		onClickCmd="function onclick(id, colNo, cell, event){ return top.loadDrugRecord(id, 'right/container', ''); }"
		drugDescr="Kits which are at a location supervised by the workers or directly assigned">
	  <property name="headerSqlRequest"><![CDATA[
            select 
              kit.ID AS ROW_ID /*META[display:false;]*/, 
              kit.NAME AS KIT /*META[label:#kit#; tooltip:#kit#; type:String; width:50; ]*/,
              up.PAT_NO AS PAT_NO /*META[label:#PatNo#; display:{display.patNo}; tooltip:#PatNo#; type:Long; width:65; ]*/,
              up.SCR_NO /*META[label:#ScrNo#; tooltip:#ScrNo#; display:{display.scrNo}; type:Long; width:75; ]*/,
              l.NAME AS SITE /*META[label:#site#; tooltip:#site#; type:String; width:50; ]*/
            from 
              DRUG_KIT kit,
              V_DRUG_LOCATION l,
             USR_PAT up,
             DRUG_RNDNO r
            where 
              kit.location_id = l.id
              and l.subclass = 'Site' 
              and kit.NAME is not null
              and kit.pat_id = up.pat_id
              and r.pat_id = up.pat_id
              and kit.location_id IN (select location_id from V_DRUG_LOCATIONS_FOR_WORKER WHERE WORKER_ID = :worker_id)
              and 1=1
            order by up.PAT_NO
	  ]]></property>
	  <property name="filterParameters">
		KIT.NAME {
			Label:#kit#;
		}
		up.PAT_NO {
			Label:display.patNo;
		} 	
		up.SCR_NO {
			Label:display.scrNo;
		}
		l.NAME {
			Label:#site#;
		}
	  </property>
	</wlist>
	
	<wlist id="BatchListAll" root="true" contentClass="field" style="border:0px" 
		onClickCmd="function onclick(id, colNo, cell, event){ return top.loadDrugRecord(id, 'right/container', ''); }"
		drugDescr="All batches">
	  <property name="headerSqlRequest"><![CDATA[
		select 
			b.ID AS ROW_ID /*META[display:false;]*/, 
			b.NAME AS NAME /*META[label:#batch_name#; tooltip:#batch_name#; type:String; width:80; ]*/,
			DECODE(b.BLOCKED,1,'Blocked',NULL) AS STATUS /*META[label:#status#; tooltip:#batch_status#; type:String; width:50; ]*/
			from 
				DRUG_BATCH b
			WHERE 1=1
            ORDER BY b.NAME
	  ]]></property>
	  <property name="filterParameters">
		b.NAME {
			Label:#batch_name#;
		}
		STATUS {
			Label:#batch_status#;
			Type:list;
			Options:0=Unblocked, 1=Blocked;
			SQL: b.BLOCKED = \:STATUS;
		} 		
	  </property>
	</wlist>

	<wlist id="WarehousesListDefault" root="true" contentClass="field" style="border:0px" 
		onClickCmd="function onclick(id, colNo, cell, event){ return top.loadDrugRecord(id, 'right/container', ''); }"
		drugDescr="Warehouses which are supervised by worker or directly assigned">	
	  <property name="headerSqlRequest"><![CDATA[
      select 
          WH.ID AS ROW_ID /*META[display:false;]*/,   
          WH.NAME AS WH /*META[label:#warehouse#; tooltip:#warehouse#; type:String; width:100; ]*/,
          COUNTRY.NAME as COUNTRY /*META[label:#country#; tooltip:#address#; type:String; width:70; ]*/
         from 
                V_DRUG_LOCATION WH,
               V_DRUG_COUNTRY COUNTRY
        where WH.COUNTRY_ID = COUNTRY.ID(+) 
              AND WH.id in  (select location_id from V_DRUG_LOCATIONS_FOR_WORKER WHERE WORKER_ID = :worker_id) 
              AND WH.SUBCLASS='Warehouse' 
        ORDER BY WH.NAME 
	  ]]></property>
	  <property name="filterParameters">
		WH.NAME {
			Label:#warehouse#;
		}
		COUNTRY.NAME {
			Label:#country#;
		}
	  </property>
	</wlist>
	
	<wlist id="LocationsListDefault" root="true" contentClass="field" style="border:0px" 
		onClickCmd="function onclick(id, colNo, cell, event){ return top.loadDrugRecord(id, 'right/container', ''); }"
		drugDescr="Locations which are supervised by worker or directly assigned">	
	  <property name="headerSqlRequest"><![CDATA[
     select 
          LOCATION.ID AS ROW_ID /*META[display:false;]*/,   
           CASE WHEN CURRENT_PROJECT.IS_PARENT = 1 AND PROJECT.PARENT_PRJ_ID IS NOT NULL 
            THEN TO_CHAR(LOCATION.NAME || ' (' || PROJECT.SPONSOR_PRJ_ID || ')')      
            ELSE LOCATION.NAME END AS LOCATION /*META[label:#location#; tooltip:#location#; type:String; width:50; ]*/,
          COUNTRY.NAME as COUNTRY /*META[label:#country#; tooltip:#address#; type:String; width:70; ]*/
         from 
               (SELECT * FROM V_DRUG_PROJECT WHERE IS_CURRENT=1) CURRENT_PROJECT, 
               V_DRUG_LOCATION LOCATION  
               INNER JOIN V_DRUG_PROJECT PROJECT ON PROJECT.ID = LOCATION.PROJECT_ID    
               INNER JOIN V_DRUG_COUNTRY COUNTRY ON COUNTRY.ID = LOCATION.COUNTRY_ID  
         AND      
                LOCATION.ID in  (select location_id from V_DRUG_LOCATIONS_FOR_WORKER WHERE WORKER_ID = :worker_id)           
                ORDER BY LOCATION.NAME 
	  ]]></property>
	  <property name="filterParameters">
		LOCATION.NAME {
			Label:#location#;
		} 
		COUNTRY.NAME {
			Label:#country#;
		}
	  </property>
	</wlist>
	
	<wlist id="SiteListDefault" root="true" contentClass="field" style="border:0px" 
		onClickCmd="function onclick(id, colNo, cell, event){ return top.loadDrugRecord(id, 'right/container', ''); }"
		drugDescr="Sites which are supervised by worker or directly assigned">	
	  <property name="headerSqlRequest"><![CDATA[
          select 
      SITE.ID AS ROW_ID /*META[display:false;]*/,   
           CASE WHEN CURRENT_PROJECT.IS_PARENT = 1  AND PROJECT.PARENT_PRJ_ID IS NOT NULL 
            THEN TO_CHAR(SITE.NAME || ' (' || PROJECT.SPONSOR_PRJ_ID || ')')      
            ELSE SITE.NAME END AS SITE /*META[label:#site#; tooltip:#site#; type:String; width:100; ]*/,
          COUNTRY.NAME as COUNTRY /*META[label:#country#; tooltip:#address#; type:String; width:70; ]*/
         from 
               (SELECT * FROM V_DRUG_PROJECT WHERE IS_CURRENT=1) CURRENT_PROJECT, 
               V_DRUG_LOCATION SITE  
               INNER JOIN V_DRUG_PROJECT PROJECT ON PROJECT.ID = SITE.PROJECT_ID    
               INNER JOIN V_DRUG_COUNTRY COUNTRY ON COUNTRY.ID = SITE.COUNTRY_ID  
          AND SITE.ID in  (select location_id from V_DRUG_LOCATIONS_FOR_WORKER WHERE WORKER_ID = :worker_id)     
          AND SITE.SUBCLASS='Site' 
          ORDER BY SITE.NAME 
	  ]]></property>
	  <property name="filterParameters">
		SITE.NAME {
			Label:#site#;
		} 
		COUNTRY.NAME {
			Label:#country#;
		}
	  </property>
	</wlist>

	<wlist id="AdaptiveDesignFiles" root="true" contentClass="field" style="border:0px" 
		onClickCmd="function onclick(id, colNo, cell, event){ return top.loadDrugRecord(id, 'right/container', ''); }"
		drugDescr="Adaptive Design Files">
	  <property name="headerSqlRequest"><![CDATA[
	      SELECT 
              LEVEL2.ID AS ROW_ID /*META[display:false;]*/, 
              LEVEL1.NAME AS ENDPOINT /*META[display:false;]*/,  
              LEVEL2.NAME AS RUN  /*META[label:#interim_run#; tooltip:#interim_run#; type:String; width:50; ]*/,
              LEVEL2.COMPLETED_AT AS COMPLETED_AT_NATIVE  /*META[display:false;]*/,
              TO_CHAR(LEVEL2.COMPLETED_AT, CONF.VALUE) AS COMPLETED_DATE  /*META[label:#run_at#; tooltip:#date_facts_interim_run_performed#; type:String; width:50; referByOrderAs:COMPLETED_AT_NATIVE; ]*/
          FROM DRUG_DATA_FILE LEVEL1, 
               (SELECT LEVEL1.ID, LEVEL1.SUPER_FOLDER_ID,LEVEL1.NAME, LEVEL2.COMPLETED_AT FROM DRUG_DATA_FILE LEVEL1,
               DRUG_DATA_FILE LEVEL2
               WHERE LEVEL2.SUPER_FOLDER_ID(+) = LEVEL1.ID
                  AND LEVEL2.NAME(+) = 'Adaptive Design') LEVEL2,
               DRUG_CONFIGURATION CONF
         WHERE LEVEL1.SUPER_FOLDER_ID IS NULL
           AND LEVEL1.ID = LEVEL2.SUPER_FOLDER_ID(+)
           AND CONF.NAME = 'DB::DateFormat'
           AND LEVEL2.NAME != 'Script'
	  ]]></property>
	  <property name="filterParameters">
		LEVEL2.NAME {
			Label:#interim_run#;
		} 
		COMPLETED_AT {
			Label:#run_at#;
			SQL:(TO_CHAR(LEVEL2.COMPLETED_AT, CONF.VALUE) = \:COMPLETED_AT);
		}
	  </property>
	</wlist>
	
	<wlist id="PendingShipmentListDefault" root="true" contentClass="field" style="border:0px" 
		onClickCmd="function onclick(id, colNo, cell, event){ return top.loadDrugRecord(id, 'right/container', ''); }"
		drugDescr="Pendings shipments from locations which are supervised by worker or directly assigned">
	  <property name="headerSqlRequest"><![CDATA[
      select 
            SHIP.ID AS ROW_ID /*META[display:false;]*/, 
            SHIP.NAME AS SHIPMENT_ID /*META[label:#shipment#; tooltip:#shipment_name#; type:String; width:50; ]*/, 
            SHIP_DATE AS SHIP_DATE_NATIVE /*META[display:false;]*/, 
            TO_CHAR(SHIP_DATE, CONF.VALUE) AS SHIPDATE /*META[label:#shipment_date#; tooltip:#shipment_date#; type:Date; width:50; referByOrderAs:SHIP_DATE_NATIVE; ]*/,
            CASE WHEN PROJECT.IS_PARENT = 1 AND FROM_PROJECT.PARENT_PRJ_ID IS NOT NULL  
            THEN TO_CHAR(FROM_LOCATION.NAME || ' (' || FROM_PROJECT.SPONSOR_PRJ_ID || ')')      
            ELSE FROM_LOCATION.NAME END AS FROM_LOCATION /*META[label:#sender#; tooltip:#sender#; type:String; width:100; ]*/,
            CASE WHEN PROJECT.IS_PARENT = 1 AND TO_PROJECT.PARENT_PRJ_ID IS NOT NULL  
            THEN TO_CHAR(TO_LOCATION.NAME || ' (' || TO_PROJECT.SPONSOR_PRJ_ID || ')')      
            ELSE TO_LOCATION.NAME END AS TO_LOCATION /*META[label:#destination#; tooltip:#destination#; type:String; width:100; ]*/
         from 
            V_DRUG_LOCATION FROM_LOCATION, 
            V_DRUG_LOCATION TO_LOCATION, 
            DRUG_SHIPMENT SHIP,
            V_DRUG_PROJECT FROM_PROJECT,
            V_DRUG_PROJECT TO_PROJECT, 
            (SELECT * FROM V_DRUG_PROJECT WHERE IS_CURRENT=1) PROJECT,
            DRUG_CONFIGURATION CONF,
            (SELECT LOCATION.ID 
                 FROM V_DRUG_LOCATION LOCATION
 	 	 		 INNER JOIN V_DRUG_LOCATIONS_FOR_WORKER MAPPING
 	 	 	     ON LOCATION.ID = MAPPING.LOCATION_ID
 	 	 	     WHERE  MAPPING.WORKER_ID = :worker_id ) RELEVANT_LOCATIONS 
        	 WHERE SHIP.FROM_LOCATION_ID = RELEVANT_LOCATIONS.ID  
             AND FROM_LOCATION.PROJECT_ID = FROM_PROJECT.ID 
             AND TO_LOCATION.PROJECT_ID = TO_PROJECT.ID  
             AND FROM_LOCATION.ID = SHIP.FROM_LOCATION_ID 
             AND TO_LOCATION.ID = SHIP.TO_LOCATION_ID 
             AND SHIP.STATUS_ID in ('ShipmentStatus_OPEN', 'ShipmentStatus_SENT') 
             AND CONF.NAME = 'DB::DateFormat' 
        ORDER BY FROM_LOCATION.NAME, TO_LOCATION.NAME, SHIP.NAME
	  ]]></property>
	  <property name="filterParameters">
		SHIP.NAME {
			Label:#shipment_name#;
		} 
		SHIPDATE {
			Label:#shipment_date#;
			SQL:(TO_CHAR(SHIP.SHIP_DATE, CONF.VALUE) = \:SHIPDATE);
		}
		FROM_LOCATION.NAME {
			Label:#sender#;
		}
		TO_LOCATION.NAME {
			Label:#destination#;
		}
		STATUS {
			Label:#shipment_status#;
			Type:list;
			SQLOptions:
				SELECT NAME as LABEL, id as VALUE FROM DRUG_STATUS WHERE SUBCLASS = 'ShipmentStatus' and ID in ('ShipmentStatus_OPEN', 'ShipmentStatus_SENT') ORDER BY NAME;
			SQL: SHIP.STATUS_ID = \:STATUS;
		}
	  </property>
	</wlist>

	<wlist id="AssessShipmentsListDefault" root="true" contentClass="field" style="border:0px" 
		onClickCmd="function onclick(id, colNo, cell, event){ return top.loadDrugRecord(id, 'right/container', ''); }"
		drugDescr="Shipments which are send to a location which is supervised by the current worker or directly assigned">
	  <property name="headerSqlRequest"><![CDATA[
		select 
            SHIP.ID AS ROW_ID /*META[display:false;]*/, 
            SHIP.NAME AS SHIPMENT_ID /*META[label:#shipment#; tooltip:#shipment_name#; type:String; width:50; ]*/, 
            SHIP_DATE AS SHIP_DATE_NATIVE /*META[display:false;]*/, 
            TO_CHAR(SHIP_DATE, CONF.VALUE) AS SHIPDATE /*META[label:#shipment_date#; tooltip:#shipment_date#; type:Date; width:50; referByOrderAs:SHIP_DATE_NATIVE; ]*/,
            STATUS.NAME AS STATUS /*META[label:#status#; tooltip:#shipment_status#; type:String; width:50; ]*/,
            CASE WHEN CURRENT_PROJECT.IS_PARENT = 1 AND PROJECT.PARENT_PRJ_ID IS NOT NULL  
            THEN TO_CHAR(LOCATION.NAME || ' (' || PROJECT.SPONSOR_PRJ_ID || ')')      
            ELSE LOCATION.NAME END AS LOCATION /*META[label:#location#; tooltip:#location#; type:String; width:50; ]*/  
        from 
            V_DRUG_LOCATION LOCATION, 
           (SELECT * FROM V_DRUG_PROJECT WHERE IS_CURRENT=1) CURRENT_PROJECT, 
            V_DRUG_PROJECT PROJECT, 
            DRUG_SHIPMENT SHIP,
            DRUG_STATUS STATUS,
            DRUG_CONFIGURATION CONF
        WHERE SHIP.TO_LOCATION_ID = LOCATION.ID 
          and LOCATION.PROJECT_ID = PROJECT.ID 
          AND SHIP.STATUS_ID = STATUS.ID 
          AND SHIP.TO_LOCATION_ID IN (select location_id from V_DRUG_LOCATIONS_FOR_WORKER WHERE WORKER_ID = :worker_id) 
          AND CONF.NAME = 'DB::DateFormat' 
          AND STATUS.NAME not in ('OPEN', 'CANCELED') 
        ORDER BY LOCATION.NAME, SHIP.NAME
	  ]]></property>
	  <property name="filterParameters">
		SHIP.NAME {
			Label:#shipment_name#;
		} 
		SHIPDATE {
			Label:#shipment_date#;
			SQL:(TO_CHAR(SHIP.SHIP_DATE, CONF.VALUE) = \:SHIPDATE);
		}
		STATUS.NAME {
			Label:#status#;
		} 		
		LOCATION.NAME {
			Label:#location#;
		} 
	  </property>
	</wlist>
	
	<wlist id="PostAssessTempExShipmentsListDefault" root="true" contentClass="field" style="border:0px" 
		onClickCmd="function onclick(id, colNo, cell, event){ return top.loadDrugRecord(id, 'right/container', ''); }"
		drugDescr="Shipments which are in status TEMPEX and have at least one kit assigned">
	  <property name="headerSqlRequest"><![CDATA[
		select 
            SHIP.ID AS ROW_ID /*META[display:false;]*/, 
            SHIP.NAME AS SHIPMENT_ID /*META[label:#shipment#; tooltip:#shipment_name#; type:String; width:50; ]*/, 
            SHIP_DATE AS SHIP_DATE_NATIVE /*META[display:false;]*/, 
            TO_CHAR(SHIP_DATE, CONF.VALUE) AS SHIPDATE /*META[label:#shipment_date#; tooltip:#shipment_date#; type:Date; width:50; referByOrderAs:SHIP_DATE_NATIVE; ]*/,
            CASE WHEN CURRENT_PROJECT.IS_PARENT = 1 AND PROJECT.PARENT_PRJ_ID IS NOT NULL  
            THEN TO_CHAR(LOCATION.NAME || ' (' || PROJECT.SPONSOR_PRJ_ID || ')')      
            ELSE LOCATION.NAME END AS LOCATION /*META[label:#location#; tooltip:#location#; type:String; width:50; ]*/  
        from 
            V_DRUG_LOCATION LOCATION, 
           (SELECT * FROM V_DRUG_PROJECT WHERE IS_CURRENT=1) CURRENT_PROJECT, 
            V_DRUG_PROJECT PROJECT, 
            DRUG_SHIPMENT SHIP,
            DRUG_CONFIGURATION CONF
        WHERE SHIP.TO_LOCATION_ID = LOCATION.ID 
          and LOCATION.PROJECT_ID = PROJECT.ID 
          AND SHIP.STATUS_ID = 'ShipmentStatus_TEMPEX' 
          AND SHIP.TO_LOCATION_ID IN (select location_id from V_DRUG_LOCATIONS_FOR_WORKER WHERE WORKER_ID = :worker_id)
          AND (SHIP.ID IN (SELECT SHIPMENT_ID FROM DRUG_KIT))
          AND CONF.NAME = 'DB::DateFormat' 
        ORDER BY LOCATION.NAME, SHIP.NAME
	  ]]></property>
	  <property name="filterParameters">
		SHIP.NAME {
			Label:#shipment_name#;
		} 
		SHIPDATE {
			Label:#shipment_date#;
			SQL:(TO_CHAR(SHIP.SHIP_DATE, CONF.VALUE) = \:SHIPDATE);
		}
		STATUS.NAME {
			Label:#status#;
		} 		
		LOCATION.NAME {
			Label:#location#;
		} 
	  </property>
	</wlist>	
	
	<wlist id="ShipmentsListSupervised" root="true" contentClass="field" style="border:0px" 
		onClickCmd="function onclick(id, colNo, cell, event){ return top.loadDrugRecord(id, 'right/container', ''); }"
		drugDescr="Shipments which are send or to the workers location or to a supervised location">
	  <property name="headerSqlRequest"><![CDATA[
          select 
            SHIP.ID AS ROW_ID /*META[display:false;]*/, 
            SHIP.NAME AS SHIPMENT_ID /*META[label:#shipment#; tooltip:#shipment_name#; type:String; width:50; ]*/, 
            SHIP_DATE AS SHIP_DATE_NATIVE /*META[display:false;]*/, 
            TO_CHAR(SHIP_DATE, CONF.VALUE) AS SHIPDATE /*META[label:#date#; tooltip:#shipment_date#; type:Date; width:50; referByOrderAs:SHIP_DATE_NATIVE; ]*/,
            STATUS.NAME AS STATUS /*META[label:#status#; tooltip:#shipment_status#; type:String; width:50; ]*/,
            CASE WHEN PROJECT.IS_PARENT = 1 AND FROM_PROJECT.PARENT_PRJ_ID IS NOT NULL  
            THEN TO_CHAR(FROM_LOCATION.NAME || ' (' || FROM_PROJECT.SPONSOR_PRJ_ID || ')')      
            ELSE FROM_LOCATION.NAME END AS FROM_LOCATION /*META[label:#sender#; tooltip:#sender#; type:String; width:100; ]*/,
            CASE WHEN PROJECT.IS_PARENT = 1 AND TO_PROJECT.PARENT_PRJ_ID IS NOT NULL  
            THEN TO_CHAR(TO_LOCATION.NAME || ' (' || TO_PROJECT.SPONSOR_PRJ_ID || ')')      
            ELSE TO_LOCATION.NAME END AS TO_LOCATION /*META[label:#destination#; tooltip:#destination#; type:String; width:100; ]*/
        from 
            V_DRUG_LOCATION FROM_LOCATION,
            V_DRUG_LOCATION TO_LOCATION, 
            V_DRUG_PROJECT FROM_PROJECT,
            V_DRUG_PROJECT TO_PROJECT, 
            (SELECT * FROM V_DRUG_PROJECT WHERE IS_CURRENT=1) PROJECT,
            DRUG_SHIPMENT SHIP,
            DRUG_STATUS STATUS,
            V_DRUG_WORKER W,
            (SELECT VALUE FROM DRUG_CONFIGURATION WHERE NAME = 'DB::DateFormat') CONF
        WHERE 
             FROM_LOCATION.PROJECT_ID = FROM_PROJECT.ID 
             AND TO_LOCATION.PROJECT_ID = TO_PROJECT.ID   
             AND FROM_LOCATION.ID =SHIP.FROM_LOCATION_ID
             AND W.ID = :worker_id
             AND TO_LOCATION.ID = SHIP.TO_LOCATION_ID
             AND SHIP.STATUS_ID = STATUS.ID
             AND  
             	(FROM_LOCATION_ID in  (select location_id from V_DRUG_LOCATIONS_FOR_WORKER WHERE WORKER_ID = W.id) 
              	OR TO_LOCATION_ID in  (select location_id from V_DRUG_LOCATIONS_FOR_WORKER WHERE WORKER_ID = W.id))
             AND 1=1
        ORDER BY TO_LOCATION.NAME, FROM_LOCATION.NAME, SHIP.NAME
	  ]]></property>
	  <property name="filterParameters">
		SHIP.NAME {
			Label:#shipment_name#;
		} 
		SHIPDATE {
			Label:#shipment_date#;
			SQL:(TO_CHAR(SHIP.SHIP_DATE, CONF.VALUE) = \:SHIPDATE);
		}
		STATUS.NAME {
			Label:#shipment_status#;
		} 		
		FROM_LOCATION.NAME {
			Label:#sender#;
		} 
		TO_LOCATION.NAME {
			Label:#destination#;
		}
	  </property>
	</wlist>
	
	<wlist id="AssessBatchListDefault" root="true" contentClass="field" style="border:0px" 
		onClickCmd="function onclick(id, colNo, cell, event){ return top.loadDrugRecord(id, 'right/container', ''); }"
		drugDescr="Batches where at least one kit is at a location supervised by the worker or directly assigned to the worker">
	  <property name="headerSqlRequest"><![CDATA[
		  select
               MAP.COMBINED_ID AS ROW_ID /*META[display:false;]*/,   
               batch.NAME AS BATCH /*META[label:#batch_name#; tooltip:#batch_name#; type:String; width:100; ]*/,
               CASE WHEN CURRENT_PROJECT.IS_PARENT = 1 AND PROJECT.PARENT_PRJ_ID IS NOT NULL 
                THEN TO_CHAR(l.NAME || ' (' || PROJECT.SPONSOR_PRJ_ID || ')')      
                ELSE l.name END as LOCATION /*META[label:#location#; tooltip:#location#; type: String; width:100; ]*/
           from
               DRUG_BATCH batch,
               (SELECT * FROM V_DRUG_PROJECT WHERE IS_CURRENT=1) CURRENT_PROJECT, 
               V_DRUG_PROJECT PROJECT, 
               V_DRUG_LOCATION l,
               ( SELECT kit.batch_id || ';SEPARATOR;' || kit.location_id AS COMBINED_ID,
                           kit.batch_id,
                           kit.location_id
                   FROM DRUG_KIT kit,
                   DRUG_STATUS status
               where
                   kit.STATUS_ID = status.ID
                   and status.id != 'KitStatus_ORDERED'
                   and kit.name is null
                   and kit.location_id IN (select location_id from V_DRUG_LOCATIONS_FOR_WORKER WHERE WORKER_ID = :worker_id)
                   and 1=1
                   group by batch_id, kit.location_id
                  ) MAP
                  where MAP.batch_id = batch.id
                    and MAP.location_id = l.id 
                    and l.PROJECT_ID = PROJECT.ID
           ORDER BY batch.NAME, l.name
	  ]]></property>
	  <property name="filterParameters">
		batch.NAME {
			Label:#batch#;
		}
		l.NAME {
			Label:#location#;
		}
	  </property>
	</wlist>
	
	<wlist id="AssessKitListDefault" root="true" contentClass="field" style="border:0px" 
		onClickCmd="function onclick(id, colNo, cell, event){ return top.loadDrugRecord(id, 'right/container', ''); }"
		drugDescr="Kits which are at a location supervised by the worker or directly assigned">
	  <property name="headerSqlRequest"><![CDATA[
            select 
              kit.ID AS ROW_ID /*META[display:false;]*/, 
              kit.quarantined AS QUARANTINED /*META[display:false;]*/,                 
              status.id /*META[display:false;]*/,  
              kit.NAME AS KIT /*META[label:#kit#; tooltip:#kit#; type:String; width:50; ]*/,
              CASE WHEN kit.quarantined = 1 THEN 'QUARANTINED' ELSE status.NAME END AS STATUS /*META[label:#kit_status#; tooltip:#kit_status#; type:String; width:50; ]*/,
              s.NAME AS SHIPMENT /*META[label:#shipment#; tooltip:#shipment#; type:String; width:70; ]*/,
              up.PAT_NO AS PAT_NO /*META[label:#PatNo#; display:{display.patNo}; tooltip:#PatNo#; type:Long; width:65; ]*/,
              up.SCR_NO /*META[label:#ScrNo#; tooltip:#ScrNo#; display:{display.scrNo}; type:Long; width:75; ]*/,
               CASE WHEN CURRENT_PROJECT.IS_PARENT=1 AND PROJECT.PARENT_PRJ_ID IS NOT NULL  
                THEN TO_CHAR(l.NAME || ' (' || project.SPONSOR_PRJ_ID || ')')      
                ELSE l.NAME END AS LOCATION /*META[label:#location#; tooltip:#location#; type:String; width:50; ]*/
              from 
              DRUG_KIT kit,
              DRUG_STATUS status,
              V_DRUG_TRACK_SHIPMENT_FOR_KIT track,
              V_DRUG_LOCATION l,
              (SELECT * FROM V_DRUG_PROJECT WHERE IS_CURRENT=1) CURRENT_PROJECT, 
               V_DRUG_PROJECT PROJECT, 
              DRUG_SHIPMENT s,
              USR_PAT up
            where 
              kit.STATUS_ID = status.ID 
              AND TRACK.KIT_ID (+) =   KIT.ID
              AND TRACK.SHIPMENT_ID  =  s.ID (+)
              and status.ID != 'KitStatus_ORDERED'
              and kit.location_id = l.id
              and l.PROJECT_ID = PROJECT.ID
              and kit.NAME is not null
              and kit.pat_id = up.pat_id(+)
              and kit.location_id IN (select location_id from V_DRUG_LOCATIONS_FOR_WORKER WHERE WORKER_ID = :worker_id)
              and 1=1
            order by kit.name
	  ]]></property>
	  <property name="filterParameters">
		KIT.NAME {
			Label:#kit_name#;
		}
		QUARANTINED {
			Label:#quarantined#;
			Type:list;
			Options:0=not quarantined, 1=quarantined;
			SQL: kit.quarantined = \:QUARANTINED;
		} 
		status.id {
			Label:#status#;
			Type:list;
			SQLOptions:
				SELECT NAME as LABEL, id as VALUE FROM DRUG_STATUS WHERE SUBCLASS = 'KitStatus' ORDER BY NAME;
		} 
		s.NAME {
			Label:#shipment#;
		}
		up.PAT_NO {
			Label:display.patNo;
		} 	
		up.SCR_NO {
			Label:display.scrNo;
		}
		l.NAME {
			Label:#location#;
		}
	  </property>
	</wlist>

	<wlist id="KitListDefault" root="true" contentClass="field" style="border:0px" 
		onClickCmd="function onclick(id, colNo, cell, event){ return top.loadDrugRecord(id, 'right/container', ''); }"
		drugDescr="Kits which are at a location supervised by the workers or directly assigned">
	  <property name="headerSqlRequest"><![CDATA[
            select 
              kit.ID AS ROW_ID /*META[display:false;]*/,   
              kit.quarantined AS QUARANTINED /*META[display:false;]*/,                 
              status.id /*META[display:false;]*/,  
              kit.NAME AS KIT /*META[label:#kit#; tooltip:#kit#; type:String; width:50; ]*/,
              CASE WHEN kit.quarantined = 1 THEN 'QUARANTINED' ELSE status.NAME END AS STATUS /*META[label:#kit_status#; tooltip:#kit_status#; type:String; width:50; ]*/,
              shipment.NAME AS SHIPMENT /*META[label:#shipment#; tooltip:#shipment#; type:String; width:50; ]*/,
              up.PAT_NO AS PAT_NO /*META[label:#PatNo#; display:{display.patNo}; tooltip:#PatNo#; type:Long; width:65; ]*/,
              up.SCR_NO /*META[label:#ScrNo#; tooltip:#ScrNo#; display:{display.scrNo}; type:Long; width:75; ]*/,
              CASE WHEN CURRENT_PROJECT.IS_PARENT=1 AND PROJECT.PARENT_PRJ_ID IS NOT NULL  
                THEN TO_CHAR(l.NAME || ' (' || PROJECT.SPONSOR_PRJ_ID || ')')      
                ELSE l.NAME END AS LOCATION /*META[label:#location#; tooltip:#location#; type:String; width:50; ]*/
            from 
              DRUG_KIT kit,
              DRUG_STATUS status,
              V_DRUG_TRACK_SHIPMENT_FOR_KIT track,
              DRUG_SHIPMENT shipment,
              V_DRUG_LOCATION l,
              (SELECT * FROM V_DRUG_PROJECT WHERE IS_CURRENT=1) CURRENT_PROJECT, 
               V_DRUG_PROJECT PROJECT, 
              USR_PAT up
            where 
              kit.STATUS_ID = status.ID
              AND TRACK.KIT_ID (+) =   KIT.ID
              AND TRACK.SHIPMENT_ID  =  SHIPMENT.ID (+)
              AND kit.LOCATION_ID = l.ID 
              AND l.PROJECT_ID = PROJECT.ID
              AND kit.pat_id = up.pat_id(+) 
              AND kit.name is not null
              AND kit.location_id in  (select location_id from V_DRUG_LOCATIONS_FOR_WORKER WHERE WORKER_ID = :worker_id)
              AND 1=1
            order by kit.NAME
	  ]]></property>
	  <property name="filterParameters">
		KIT.NAME {
			Label:#kit#;
		} 
		QUARANTINED {
			Label:#quarantined#;
			Type:list;
			Options:0=not quarantined, 1=quarantined;
			SQL: kit.quarantined = \:QUARANTINED;
		} 
		status.id {
			Label:#status#;
			Type:list;
			SQLOptions:
				SELECT NAME as LABEL, id as VALUE FROM DRUG_STATUS WHERE SUBCLASS = 'KitStatus' ORDER BY NAME;
		} 
		up.PAT_NO {
			Label:display.patNo;
		} 	
		up.SCR_NO {
			Label:display.scrNo;
		}
		SHIPMENT.NAME {
		    Label:#shipment#
		}
		l.NAME {
			Label:#location#;
		}
	  </property>
	</wlist>
	
	<wlist id="Location2LocationSupervised" root="true" contentClass="field" style="border:0px" 
		onClickCmd="function onclick(id, colNo, cell, event){ return top.loadDrugRecord(id, 'right/container', ''); }"
		drugDescr="All location relations which are from a supervised location or the directly assigned location">
	  <property name="headerSqlRequest"><![CDATA[
	  		SELECT 
                  COMBINED_ID AS ROW_ID /*META[display:false;]*/,
                  FROM_LOCATION_NAME /*META[label:#sender#; tooltip:#sender#; type:String; width:50; ]*/,
                  TO_LOCATION_NAME  /*META[label:#destination#; tooltip:#destination#; type:String; width:100; ]*/
               FROM
                (SELECT 
                    FROM_LOC.ID || ';SEPARATOR;' || TO_LOC.ID AS COMBINED_ID,
                    FROM_LOC.ID      AS FROM_LOCATION_ID,
                    CASE WHEN PROJECT.IS_PARENT=1 AND FROM_PRJ.PARENT_PRJ_ID IS NOT NULL    
                        THEN TO_CHAR(FROM_LOC.NAME || ' (' || FROM_PRJ.SPONSOR_PRJ_ID || ')')      
                        ELSE FROM_LOC.NAME END AS FROM_LOCATION_NAME,
                    CASE WHEN PROJECT.IS_PARENT=1 AND TO_PRJ.PARENT_PRJ_ID IS NOT NULL 
                        THEN TO_CHAR(TO_LOC.NAME || ' (' || TO_PRJ.SPONSOR_PRJ_ID || ')')      
                        ELSE TO_LOC.NAME END AS TO_LOCATION_NAME 
                FROM 
                    V_DRUG_LOCATION FROM_LOC,
                    V_DRUG_LOCATION TO_LOC,
                    V_DRUG_PROJECT FROM_PRJ,
                    V_DRUG_PROJECT TO_PRJ,
                    (SELECT * FROM V_DRUG_PROJECT WHERE IS_CURRENT=1) PROJECT,
                    V_DRUG_LOCATION_RELATION MAPPING
                WHERE 
                    MAPPING.TO_LOCATION_ID = TO_LOC.ID 
                    AND TO_LOC.PROJECT_ID = TO_PRJ.ID 
                    AND FROM_LOC.PROJECT_ID = FROM_PRJ.ID  
                    AND (FROM_LOC.PROJECT_ID = PROJECT.ID OR TO_LOC.PROJECT_ID = PROJECT.ID) 
                    AND MAPPING.FROM_LOCATION_ID = FROM_LOC.ID) LOC_REL
           WHERE LOC_REL.FROM_LOCATION_ID IN (select location_id from V_DRUG_LOCATIONS_FOR_WORKER WHERE WORKER_ID = :worker_id)
             ORDER BY 
                     LOC_REL.FROM_LOCATION_NAME, 
                     LOC_REL.TO_LOCATION_NAME
	  ]]></property>
	  <property name="filterParameters">
		LOC_REL.FROM_LOCATION_NAME {
			Label:#sender#;
		}
		LOC_REL.TO_LOCATION_NAME {
		    Label:#destination#
		}
	  </property>
	</wlist>
	
	<wlist id="Location2LocationSupervisedPull" root="true" contentClass="field" style="border:0px" 
		onClickCmd="function onclick(id, colNo, cell, event){ return top.loadDrugRecord(id, 'right/container', ''); }"
		drugDescr="All location relations which are from a supervised location or the directly assigned location">
	  <property name="headerSqlRequest"><![CDATA[
          	SELECT 
                  COMBINED_ID AS ROW_ID /*META[display:false;]*/,
                  FROM_LOCATION_NAME /*META[label:#sender#; tooltip:#sender#; type:String; width:50; ]*/,
                  TO_LOCATION_NAME  /*META[label:#destination#; tooltip:#destination#; type:String; width:100; ]*/
               FROM
                (SELECT 
                    FROM_LOC.ID || ';SEPARATOR;' || TO_LOC.ID AS COMBINED_ID,
                    FROM_LOC.ID      AS FROM_LOCATION_ID,
                    CASE WHEN PROJECT.IS_PARENT=1 AND FROM_PRJ.PARENT_PRJ_ID IS NOT NULL  
                        THEN TO_CHAR(FROM_LOC.NAME || ' (' || FROM_PRJ.SPONSOR_PRJ_ID || ')')      
                        ELSE FROM_LOC.NAME END AS FROM_LOCATION_NAME,
                    CASE WHEN PROJECT.IS_PARENT=1 AND TO_PRJ.PARENT_PRJ_ID IS NOT NULL 
                        THEN TO_CHAR(TO_LOC.NAME || ' (' || TO_PRJ.SPONSOR_PRJ_ID || ')')      
                        ELSE TO_LOC.NAME END AS TO_LOCATION_NAME, 
                        TO_LOC.ID AS TO_LOCATION_ID
                FROM 
                    V_DRUG_LOCATION FROM_LOC,
                    V_DRUG_LOCATION TO_LOC,
                    V_DRUG_PROJECT FROM_PRJ,
                    V_DRUG_PROJECT TO_PRJ,
                    (SELECT * FROM V_DRUG_PROJECT WHERE IS_CURRENT=1) PROJECT,
                    V_DRUG_LOCATION_RELATION MAPPING
                WHERE 
                    MAPPING.TO_LOCATION_ID = TO_LOC.ID
                    AND TO_LOC.PROJECT_ID = TO_PRJ.ID 
                    AND FROM_LOC.PROJECT_ID = FROM_PRJ.ID  
                    AND (FROM_LOC.PROJECT_ID = PROJECT.ID OR TO_LOC.PROJECT_ID = PROJECT.ID) 
                    AND MAPPING.FROM_LOCATION_ID = FROM_LOC.ID) LOC_REL
            WHERE LOC_REL.TO_LOCATION_ID IN (select location_id from V_DRUG_LOCATIONS_FOR_WORKER WHERE WORKER_ID = :worker_id)
             ORDER BY 
                     LOC_REL.FROM_LOCATION_NAME, 
                     LOC_REL.TO_LOCATION_NAME           
      ]]></property>
	  <property name="filterParameters">
			LOC_REL.FROM_LOCATION_NAME {
				Label:#sender#;
			}
			LOC_REL.TO_LOCATION_NAME {
				Label:#destination#
			}
	  </property>
	</wlist>
</application-gui>