<?xml version="1.0" encoding="UTF-8"?>
<configuration>
	<auth-config>
	   <basic-auth-url>/services/</basic-auth-url>
	</auth-config>

	<defaults>
		<adaptive_designs>
			<host>@facts_host;</host>
		</adaptive_designs>
		<sas_scripts>
			<host>@sas_host;</host>
			<executable>@sas_executable;</executable>
		</sas_scripts>
		
		<left_frame>
			<scheduled_notifications label="#scheduled_notifications#">
				<container>/left/container</container>
				<table>ScheduledNotifications</table>
				<filter>SimpleFilterPanel</filter>
				<bar>TableNavBar</bar>
			</scheduled_notifications>
			<kit_assessment_numbered_kits label="#kit_assessment_numbered_kits#">
				<container>/left/container</container>
				<table>AssessKitListDefault</table>
				<filter>SimpleFilterPanel</filter>
				<bar>TableNavBar</bar>
			</kit_assessment_numbered_kits>
			<unblindpatientbypat label="#unblinding_by_patient#">
				<container>/left/container</container>
	            <table>RndNoListDefault</table>
	            <filter>SimpleFilterPanel</filter>
				<bar>TableNavBar</bar>
			</unblindpatientbypat>
			<unblindpatientbykit label="#unblinding_by_kit#">
				<container>/left/container</container>
	            <table>KitListAssigned2RandomPat</table>
	            <filter>SimpleFilterPanel</filter>
				<bar>TableNavBar</bar>
			</unblindpatientbykit>
			<kitsforpatient label="#kits_for_patient#">
				<container>/left/container</container>
	            <table>PatientListDefault</table>
	            <filter>SimpleFilterPanel</filter>
				<bar>TableNavBar</bar>
			</kitsforpatient>
			<kit_replacement label="#kit_replacement#">
				<container>/left/container</container>
	            <table>PatientListDefault</table>
	            <filter>SimpleFilterPanel</filter>
				<bar>TableNavBar</bar>
			</kit_replacement>
			<new_shipment label="#new_shipment#">
				<container>/left/container</container>
				<table>Location2LocationSupervised</table>
				<filter>SimpleFilterPanel</filter>
				<bar>TableNavBar</bar>	
			</new_shipment>
			<non_drug_management label="#non_drug_management#">
				<container>/left/container</container>
	            <table>Location2LocationSupervisedPull</table>
	            <filter>SimpleFilterPanel</filter>
				<bar>TableNavBar</bar>
			</non_drug_management>	
			<kit_assessment_qty_based label="#kit_assessment_qty_based#">
				<container>/left/container</container>
				<table>AssessBatchListDefault</table>
				<filter>SimpleFilterPanel</filter>
				<bar>TableNavBar</bar>
			</kit_assessment_qty_based>
			<shipment_assessment label="#shipment_assessment#">
				<container>/left/container</container>
				<table>AssessShipmentsListDefault</table>
				<filter>SimpleFilterPanel</filter>
				<bar>TableNavBar</bar>
			</shipment_assessment>
			<post_shipment_assessment label="#post_shipment_assessment#">
				<container>/left/container</container>
				<table>PostAssessTempExShipmentsListDefault</table>
				<filter>SimpleFilterPanel</filter>
				<bar>TableNavBar</bar>				
			</post_shipment_assessment>
			<siteaction label="#site_level_status_operations#">
				<container>/left/container</container>
				<table>SiteListDefault</table>
				<filter>SimpleFilterPanel</filter>
				<bar>TableNavBar</bar>
			</siteaction>	
			<whaction label="#warehouse_level_status_operations#">
				<container>/left/container</container>
				<table>WarehousesListDefault</table>
				<filter>SimpleFilterPanel</filter>
				<bar>TableNavBar</bar>
			</whaction>	
			<locations label="#locations#">
				<container>/left/container</container>
				<table>LocationsListDefault</table>
				<filter>SimpleFilterPanel</filter>
				<bar>TableNavBar</bar>
			</locations>	
			<shipments label="#shipments#">
				<container>/left/container</container>
				<table>ShipmentsListSupervised</table>
				<filter>SimpleFilterPanel</filter>
				<bar>TableNavBar</bar>
			</shipments>
			<kits label="#kits#">
				<container>/left/container</container>
				<table>KitListDefault</table>
				<filter>SimpleFilterPanel</filter>
				<bar>TableNavBar</bar>
			</kits>
			<batches label="#batches#">
				<container>/left/container</container>
				<table>BatchListAll</table>
				<filter>SimpleFilterPanel</filter>
				<bar>TableNavBar</bar>
			</batches>
			<pending_shipments label="#pending_shipments#">
				<container>/left/container</container>
				<table>PendingShipmentListDefault</table>
				<filter>SimpleFilterPanel</filter>
				<bar>TableNavBar</bar>			
			</pending_shipments>
			<enrolmentcategories label="#update_enrollment_categories#">
				<container>/left/container</container>
				<table>EnrolmentCategoryList</table>
				<filter>SimpleFilterPanel</filter>
				<bar>TableNavBar</bar>
			</enrolmentcategories>	
			<kit_verification label="#kit_verification#">
				<container>/left/container</container>
	            <table>PatientListDefault</table>
	            <filter>SimpleFilterPanel</filter>
				<bar>TableNavBar</bar>
			</kit_verification>
			<design_configuration label="#randomization_design#">
				<container>/left/mode_selector</container>
	            <table>statistician</table>
	            <filter>SimpleFilterPanel</filter>
				<bar>TableNavBar</bar>
			</design_configuration>	
			<kit_configuration label="#drug_supply#">
				<container>/left/mode_selector</container>
	            <table>statistician</table>
	            <filter>SimpleFilterPanel</filter>
				<bar>TableNavBar</bar>
			</kit_configuration>		
			<site_orders label="#order_overview#">
				<container>/left/mode_selector</container>
	            <table>order_overview</table>
	            <filter>SimpleFilterPanel</filter>
				<bar>TableNavBar</bar>
			</site_orders>
			<adaptive_design_files label="#iwrs.adaptive_design_files#">
				<container>/left/container</container>
				<table>AdaptiveDesignFiles</table>
	            <filter>SimpleFilterPanel</filter>
				<bar>TableNavBar</bar>
			</adaptive_design_files>
			<general_settings label="#general_settings#">
				<container>/left/mode_selector</container>
				<table>general_settings</table>
	            <filter>SimpleFilterPanel</filter>
				<bar>TableNavBar</bar>
			</general_settings>		
			<resupply_configuration label="#resupply_configuration#">
				<container>/left/mode_selector</container>
	            <table>general_settings</table>
	            <filter>SimpleFilterPanel</filter>
				<bar>TableNavBar</bar>
			</resupply_configuration>
			<treatmentarm_configuration label="#treatmentarm_configuration#">
				<container>/left/mode_selector</container>
	            <table>general_settings</table>
	            <filter>SimpleFilterPanel</filter>
				<bar>TableNavBar</bar>
			</treatmentarm_configuration>
			<kit_type_configuration label="#kit_type_configuration#">
				<container>/left/mode_selector</container>
	            <table>general_settings</table>
	            <filter>SimpleFilterPanel</filter>
				<bar>TableNavBar</bar>
			</kit_type_configuration>
			<dispense_configuration label="#drug_schedule_configuration#">
				<container>/left/mode_selector</container>
	            <table>general_settings</table>
	            <filter>SimpleFilterPanel</filter>
				<bar>TableNavBar</bar>
			</dispense_configuration>
			<factor_configuration label="#factor_configuration#">
				<container>/left/mode_selector</container>
	            <table>general_settings</table>
	            <filter>SimpleFilterPanel</filter>
				<bar>TableNavBar</bar>
			</factor_configuration>
			<cohort_configuration label="#cohort_configuration#">
				<container>/left/mode_selector</container>
	            <table>general_settings</table>
	            <filter>SimpleFilterPanel</filter>
				<bar>TableNavBar</bar>
			</cohort_configuration>
			<releasekits label="#kit_release#">
				<container>/left/mode_selector</container>
	            <table>kit_release</table>
	            <filter>SimpleFilterPanel</filter>
				<bar>TableNavBar</bar>
			</releasekits>
			<priority_supply_configuration label="#priority_supply_configuration#">
				<container>/left/mode_selector</container>
	            <table>general_settings</table>
	            <filter>SimpleFilterPanel</filter>
				<bar>TableNavBar</bar>
			</priority_supply_configuration>
		</left_frame>
	</defaults>	
</configuration>