<configuration>
	<drug_menu_bar>
		<drug_item type="button" id="newButtonDrug" tooltip="#new#">      
				<icon src="images/new20.gif" height="20" width="20" />      
				<command><![CDATA[	
				function(menuItem) {
					var url = top.urlPrefix+"commands/new_element";
       	  			top.pipeCommand(top.document.getElementById('commandPipe'), url);
       	  		} 
			]]></command>    
		</drug_item>
		
		<drug_item type="button" id="saveButtonDrug" tooltip="#save#">      
			<icon src="images/saveDrug.gif" height="19" width="19" />      
			<command><![CDATA[	        
				function(menuItem) {          
					top.saveDrugModifications(true, null);      
				}      
			]]></command>    
		</drug_item>
				
		<drug_item type="separator" allow="DRUG_ORDER || DRUG_CANCEL_SHIP || DRUG_OPEN_SHIP_KITS"/>
		<drug_item type="button" id="button_pending_shipments" tooltip="#pending_shipments#" allow="DRUG_ORDER || DRUG_CANCEL_SHIP || DRUG_OPEN_SHIP_KITS">
			<icon src="images/order.gif" height="20" width="20" />   
			  <command><![CDATA[	
					function(menuItem) {
						top.changeViewAndSave("pending_shipments");
					}
			  ]]></command>
		</drug_item>
		
		<drug_item type="separator" allow="DRUG_BATCH"/>
		<drug_item type="button" id="image_batch" tooltip="#update_batch_status#" allow="DRUG_BATCH">
			<icon src="images/stop_sm.png" height="18" width="18" />   
			  <command><![CDATA[	
					function(menuItem) {
						top.changeViewAndSave("batches");
					}
			  ]]></command>
		</drug_item>
		<drug_item type="button" id="image_whupdate" tooltip="#update_warehouse_status#" allow="DRUG_INIT_WH || DRUG_MOD_WHADDR || DRUG_BLOCK_WH">
			<icon src="images/wh_small.png" height="20" width="20" />   
			  <command><![CDATA[	
					function(menuItem) {
						top.changeViewAndSave("whaction");
					}
			  ]]></command>
		</drug_item>
		<drug_item type="separator" allow="DRUG_TRACK"/>
        <drug_item type="button" id="View_site" tooltip="#track_locations#" allow="DRUG_TRACK || DRUG_TRACK_QTY">
			<icon src="images/track1.gif" height="17" width="28" />   
				<command><![CDATA[	
				  function(menuItem) {
						top.changeViewAndSave("locations");
				  }
				]]></command>
		</drug_item>
        <drug_item type="button" id="View_shipments" tooltip="#track_shipments#" allow="DRUG_TRACK || DRUG_TRACK_QTY">
			<icon src="images/track2.gif" height="17" width="28" />   
			  <command><![CDATA[	
				function(menuItem) {
						top.changeViewAndSave("shipments");
				}
			  ]]></command>
		</drug_item>
        <drug_item type="button" id="View_kits" tooltip="#track_kits#" allow="DRUG_TRACK" additional_condition="existsNumberedKitType">
			<icon src="images/track3.gif" height="17" width="28" />   
				<command><![CDATA[	
				  function(menuItem) {
						top.changeViewAndSave("kits");
				  }
				]]></command>
		</drug_item>
	  <drug_item type="separator" allow="DRUG_PHARM"/>
	   <drug_item type="button" id="kits_for_patient_button" tooltip="#kits_for_patient#" allow="DRUG_PHARM">
			<icon src="images/pharma_small.png" height="19" width="19" />   
				<command><![CDATA[	
				  function(menuItem) {
						top.changeViewAndSave("kitsforpatient");
				  }
				]]></command>
		</drug_item>
      <drug_item type="separator" allow="DRUG_ASSMED || DRUG_ASSMED || DRUG_ASS_SHIP || DRUG_WRITE_SHIPMENT_FILE || DRUG_READ_SHIPMENT_FILE"/>
       <drug_item type="button" id="shipment_assessment" tooltip="#shipment_assessment#" allow="DRUG_ASS_SHIP">
			<icon src="images/med_ass_small.png" height="19" width="24" />   
				<command><![CDATA[	
				  function(menuItem) {
						top.changeViewAndSave("shipment_assessment");
				  }
				]]></command>
		</drug_item>
	    <drug_item type="button" id="kit_assessment_numbered_kits_button" tooltip="#kit_assessment_numbered_kits#" allow="DRUG_ASSMED &amp;&amp; (DRUG_ASS_TO_OK || DRUG_ASS_TO_DAMAGED || DRUG_ASS_TO_UNAVAILABLE || DRUG_ASS_TO_QUARANTINED || DRUG_DISPOSE)" additional_condition="existsNumberedKitType">>
			<icon src="images/kit_assess_small.png" height="19" width="21" />   
				<command><![CDATA[	
				  function(menuItem) {
						top.changeViewAndSave("kit_assessment_numbered_kits");
				  }
				]]></command>
		</drug_item>
        <drug_item type="button" id="kit_assessment_qty_based_button" tooltip="#kit_assessment_qty_based#" allow="DRUG_ASSMED &amp;&amp; (DRUG_ASS_TO_OK || DRUG_ASS_TO_DAMAGED || DRUG_ASS_TO_UNAVAILABLE || DRUG_ASS_TO_QUARANTINED || DRUG_DISPOSE)"  additional_condition="existsQtyBasedKitTypes">
			<icon src="images/batch_small.png" height="19" width="23" />   
				<command><![CDATA[	
				  function(menuItem) {
						top.changeViewAndSave("kit_assessment_qty_based");
				  }
				]]></command>
		</drug_item>
		<drug_item type="separator" allow="DRUG_KIT_VERIFICATION"/>
		<drug_item type="button" id="button_kit_verification" tooltip="#kit_verification#" allow="DRUG_KIT_VERIFICATION">
			<icon src="images/barcode.gif" height="20" width="20" />   
			  <command><![CDATA[	
					function(menuItem) {
						top.changeViewAndSave("kit_verification");
					}
			  ]]></command>
		</drug_item>
	</drug_menu_bar>
</configuration>