<configuration>
	<view_menu>
			<drug_item type="menuitem" id="adaptive_design_files" label="#dmc_portal#" allow="DRUG_ADAPTIVE_FILES">
			  <command><![CDATA[	
					function(menuItem) {
						top.changeViewAndSave("adaptive_design_files");
					}
			  ]]></command>
			</drug_item>
			<drug_item type="menuitem" id="pending_shipments" label="#pending_shipments#" allow="DRUG_ORDER || DRUG_CANCEL_SHIP || DRUG_OPEN_SHIP_KITS">
			  <command><![CDATA[	
					function(menuItem) {
						top.changeViewAndSave("pending_shipments");
					}
			  ]]></command>
			</drug_item>
			<drug_item type="menuitem" id="new_shipment" label="#new_shipment#" allow="DRUG_SHIP_RESUPPLY || DRUG_SHIP_MANUAL || DRUG_SHIP_SENTBACK">
			  <command><![CDATA[	
					function(menuItem) {
						top.changeViewAndSave("new_shipment");
					}
			  ]]></command>
			</drug_item>
			<drug_item type="menuitem" id="non_drug_management" label="#non_drug_management#" allow="DRUG_NON_DRUG_SHIP">
				  <command><![CDATA[	
						function(menuItem) {
							top.changeViewAndSave("non_drug_management");
						}
				  ]]></command>
			</drug_item>
			<drug_item type="menuitem" id="kitsforpatient" label="#kits_for_patient#" allow="DRUG_PHARM">
			  <command><![CDATA[	
					function(menuItem) {
						top.changeViewAndSave("kitsforpatient");
					}
			  ]]></command>
			</drug_item>	
			<drug_item type="menuitem" id="kit_replacement" label="#kit_replacement#" allow="DRUG_KIT_REPLACEMENT">
			  <command><![CDATA[	
					function(menuItem) {
						top.changeViewAndSave("kit_replacement");
					}
			  ]]></command>
			</drug_item>	
			<drug_item type="menuitem" id="unblindpatientbypat" label="#unblinding_by_patient#" allow="DRUG_SAFETY_UNBLIND_BY_PAT  || DRUG_EMERG_UNBLIND_BY_PAT">
			  <command><![CDATA[	
					function(menuItem) {
						top.changeViewAndSave("unblindpatientbypat");
					}
			  ]]></command>
			</drug_item>
			
			<drug_item type="menuitem" id="unblindpatientbykit" label="#unblinding_by_kit#" allow="DRUG_SAFETY_UNBLIND_BY_KIT || DRUG_EMERG_UNBLIND_BY_KIT">
			  <command><![CDATA[	
					function(menuItem) {
						top.changeViewAndSave("unblindpatientbykit");
					}
			  ]]></command>
			</drug_item>	
			
			<drug_item type="menuitem" id="shipment_assessment" label="#shipment_assessment#" allow="DRUG_ASS_SHIP || DRUG_READ_SHIPMENT_FILE || DRUG_WRITE_SHIPMENT_FILE">
			  <command><![CDATA[	
					function(menuItem) {
						top.changeViewAndSave("shipment_assessment");
					}
			  ]]></command>
			</drug_item>
			
			<drug_item type="menuitem" id="post_shipment_assessment" label="#post_shipment_assessment#" allow="DRUG_POST_ASSESS_TEMPEX">
			  <command><![CDATA[	
					function(menuItem) {
						top.changeViewAndSave("post_shipment_assessment");
					}
			  ]]></command>
			</drug_item>
			
			<drug_item type="menuitem" id="kit_assessment_numbered_kits" label="#kit_assessment_numbered_kits#" allow="DRUG_ASSMED &amp;&amp; (DRUG_ASS_TO_OK || DRUG_ASS_TO_DAMAGED || DRUG_ASS_TO_UNAVAILABLE || DRUG_ASS_TO_QUARANTINED || DRUG_DISPOSE)" additional_condition="existsNumberedKitType">
			  <command><![CDATA[	
					function(menuItem) {
						top.changeViewAndSave("kit_assessment_numbered_kits");
					}
			  ]]></command>
			</drug_item>
			
			<drug_item type="menuitem" id="kit_assessment_qty_based" label="#kit_assessment_qty_based#" allow="DRUG_ASSMED &amp;&amp; (DRUG_ASS_TO_OK || DRUG_ASS_TO_DAMAGED || DRUG_ASS_TO_UNAVAILABLE || DRUG_ASS_TO_QUARANTINED || DRUG_DISPOSE)" additional_condition="existsQtyBasedKitTypes">
			  <command><![CDATA[	
					function(menuItem) {
						top.changeViewAndSave("kit_assessment_qty_based");
					}
			  ]]></command>
			</drug_item>
			
			<drug_item type="menuitem" id="batches" label="#update_batch_status#" allow="DRUG_BATCH ||  DRUG_BATCH_PRO_RELEASE">
			  <command><![CDATA[
					function(menuItem) {
						top.changeViewAndSave("batches");
					}
			  ]]></command>
			</drug_item>	
			
			<drug_item type="menuitem" id="enrolmentcategories" label="#update_enrollment_categories#" allow="DRUG_UPDATE_ENCAT">
			  <command><![CDATA[
					function(menuItem) {
						top.changeViewAndSave("enrolmentcategories");
					}
			  ]]></command>
			</drug_item>	
			<drug_item type="menuitem" id="siteaction" label="#update_site_status#" allow="DRUG_INIT_SITE || DRUG_ASSIGN_ENCAT || DRUG_BLOCK_SITE">
			  <command><![CDATA[	
					function(menuItem) {
						top.changeViewAndSave("siteaction");
					}
			  ]]></command>
			</drug_item>
			<drug_item type="menuitem" id="whaction" label="#update_warehouse_status#" allow="DRUG_INIT_WH || DRUG_BLOCK_WH">
			  <command><![CDATA[	
					function(menuItem) {
						top.changeViewAndSave("whaction");
					}
			  ]]></command>
			</drug_item>
			
			<drug_item type="separator" allow="DRUG_TRACK"/>
				
			 <drug_item type="menuitem" id="locations" label="#track_locations#" allow="DRUG_TRACK">
				<command><![CDATA[	
				  function(menuItem) {
						top.changeViewAndSave("locations");
				  }
				]]></command>
			  </drug_item>	
			
			<drug_item type="menuitem" id="shipments" label="#track_shipments#" allow="DRUG_TRACK">
			  <command><![CDATA[	
				function(menuItem) {
						top.changeViewAndSave("shipments");
				}
			  ]]></command>
			</drug_item>

			  <drug_item type="menuitem" id="kits" label="#track_kits#" allow="DRUG_TRACK" additional_condition="existsNumberedKitType">
				<command><![CDATA[	
				  function(menuItem) {
						top.changeViewAndSave("kits");
				  }
				]]></command>
			  </drug_item>
	
			 <drug_item type="menuitem" id="scheduled_notifications" label="#scheduled_notifications#" allow="DRUG_CONF_NOTIF">
				  <command><![CDATA[	
						function(menuItem) {
							top.changeViewAndSave("scheduled_notifications");
						}
				  ]]></command>
			</drug_item>
			<drug_item type="menuitem" id="kit_verification" label="#kit_verification#" allow="DRUG_KIT_VERIFICATION">
				  <command><![CDATA[	
						function(menuItem) {
							top.changeViewAndSave("kit_verification");
						}
				  ]]></command>
			</drug_item>
	</view_menu>
</configuration>			