<?xml version="1.0" encoding="UTF-8"?>
<configuration>
	<roundtrip>
		<table name="NOTIF_ROLES" child="true" parent="true">
			<modifiedAt>MODIFIED</modifiedAt>
			<modifiedBy>MODIFIED_BY</modifiedBy>
			<replace column_name="MODIFIED">sysdate</replace>
			<replace column_name="CREATED">sysdate</replace>
			<replace column_name="CREATED_TIMESTAMP">SYS_EXTRACT_UTC(SYSTIMESTAMP)</replace>
			<replace column_name="MODIFIED_TIMESTAMP">SYS_EXTRACT_UTC(SYSTIMESTAMP)</replace>
			<replace column_name="CREATED_BY_USER"><![CDATA['&&project_id.']]></replace>
			<replace column_name="MODIFIED_BY_USER"><![CDATA['&&project_id.']]></replace>
			<replace column_name="MODIFIED_BY"><![CDATA['&&worker_id.']]></replace>
			<replace column_name="CREATED_BY"><![CDATA['&&worker_id.']]></replace>
		</table>
		<table name="NOTIF_OPT_OUT" child="true" parent="true">
			<modifiedAt>MODIFIED</modifiedAt>
			<modifiedBy>MODIFIED_BY</modifiedBy>
			<replace column_name="MODIFIED">sysdate</replace>
			<replace column_name="CREATED">sysdate</replace>
			<replace column_name="CREATED_TIMESTAMP">SYS_EXTRACT_UTC(SYSTIMESTAMP)</replace>
			<replace column_name="MODIFIED_TIMESTAMP">SYS_EXTRACT_UTC(SYSTIMESTAMP)</replace>
			<replace column_name="CREATED_BY_USER"><![CDATA['&&project_id.']]></replace>
			<replace column_name="MODIFIED_BY_USER"><![CDATA['&&project_id.']]></replace>
			<replace column_name="MODIFIED_BY"><![CDATA['&&worker_id.']]></replace>
			<replace column_name="CREATED_BY"><![CDATA['&&worker_id.']]></replace>
		</table>
		<table name="REPORT_PERMISSION" child="true" parent="true">
			<modifiedAt>MODIFIED</modifiedAt>
			<modifiedBy>MODIFIED_BY</modifiedBy>
			<replace column_name="MODIFIED">sysdate</replace>
			<replace column_name="CREATED">sysdate</replace>
			<replace column_name="CREATED_TIMESTAMP">SYS_EXTRACT_UTC(SYSTIMESTAMP)</replace>
			<replace column_name="MODIFIED_TIMESTAMP">SYS_EXTRACT_UTC(SYSTIMESTAMP)</replace>
			<replace column_name="CREATED_BY_USER"><![CDATA['&&project_id.']]></replace>
			<replace column_name="MODIFIED_BY_USER"><![CDATA['&&project_id.']]></replace>
			<replace column_name="MODIFIED_BY"><![CDATA['&&worker_id.']]></replace>
			<replace column_name="CREATED_BY"><![CDATA['&&worker_id.']]></replace>
		</table>
		<table name="DRUG_CONFIGURATION" child="true" parent="true">
			<modifiedAt>MODIFIED_AT</modifiedAt>
			<modifiedBy>MODIFIED</modifiedBy>
			<replace column_name="MODIFIED_AT">sysdate</replace>
			<replace column_name="CREATED_TIMESTAMP">SYS_EXTRACT_UTC(SYSTIMESTAMP)</replace>
			<replace column_name="MODIFIED_TIMESTAMP">SYS_EXTRACT_UTC(SYSTIMESTAMP)</replace>
			<replace column_name="CREATED_BY_USER"><![CDATA['&&project_id.']]></replace>
			<replace column_name="MODIFIED_BY_USER"><![CDATA['&&project_id.']]></replace>
			<replace column_name="MODIFIED"><![CDATA['&&worker_id.']]></replace>
			<condition id="1" type="exclude" column_name="NAME">DEMO\,RunningState</condition>
		</table>
		<table name="DRUG_KIT_TYPE" child="true" parent="true" delete="parent\,standalone">
			<modifiedAt>MODIFIED_AT</modifiedAt>
			<modifiedBy>MODIFIED</modifiedBy>
			<replace column_name="MODIFIED_AT">sysdate</replace>
			<replace column_name="CREATED_TIMESTAMP">SYS_EXTRACT_UTC(SYSTIMESTAMP)</replace>
			<replace column_name="MODIFIED_TIMESTAMP">SYS_EXTRACT_UTC(SYSTIMESTAMP)</replace>
			<replace column_name="CREATED_BY_USER"><![CDATA['&&project_id.']]></replace>
			<replace column_name="MODIFIED_BY_USER"><![CDATA['&&project_id.']]></replace>
			<replace column_name="MODIFIED"><![CDATA['&&worker_id.']]></replace>
		</table>
		<table name="DRUG_TREATMENTARM" child="true" parent="true">
			<modifiedAt>MODIFIED_AT</modifiedAt>
			<modifiedBy>MODIFIED</modifiedBy>
			<replace column_name="MODIFIED_AT">sysdate</replace>
			<replace column_name="CREATED_TIMESTAMP">SYS_EXTRACT_UTC(SYSTIMESTAMP)</replace>
			<replace column_name="MODIFIED_TIMESTAMP">SYS_EXTRACT_UTC(SYSTIMESTAMP)</replace>
			<replace column_name="CREATED_BY_USER"><![CDATA['&&project_id.']]></replace>
			<replace column_name="MODIFIED_BY_USER"><![CDATA['&&project_id.']]></replace>
			<replace column_name="MODIFIED"><![CDATA['&&worker_id.']]></replace>
		</table>
		<table name="DRUG_ENROLMENT_LEVEL" child="false" parent="true">
			<modifiedAt>MODIFIED_AT</modifiedAt>
			<modifiedBy>MODIFIED</modifiedBy>
			<replace column_name="MODIFIED_AT">sysdate</replace>
			<replace column_name="CREATED_TIMESTAMP">SYS_EXTRACT_UTC(SYSTIMESTAMP)</replace>
			<replace column_name="MODIFIED_TIMESTAMP">SYS_EXTRACT_UTC(SYSTIMESTAMP)</replace>
			<replace column_name="CREATED_BY_USER"><![CDATA['&&project_id.']]></replace>
			<replace column_name="MODIFIED_BY_USER"><![CDATA['&&project_id.']]></replace>
			<replace column_name="MODIFIED"><![CDATA['&&worker_id.']]></replace>
		</table>
		<table name="DRUG_SCHEDULE" child="true" parent="true">
			<modifiedAt>MODIFIED_AT</modifiedAt>
			<modifiedBy>MODIFIED</modifiedBy>
			<replace column_name="MODIFIED_AT">sysdate</replace>
			<replace column_name="MODIFIED"><![CDATA['&&worker_id.']]></replace>
			<replace column_name="CREATED_TIMESTAMP">SYS_EXTRACT_UTC(SYSTIMESTAMP)</replace>
			<replace column_name="MODIFIED_TIMESTAMP">SYS_EXTRACT_UTC(SYSTIMESTAMP)</replace>
			<replace column_name="CREATED_BY_USER"><![CDATA['&&project_id.']]></replace>
			<replace column_name="MODIFIED_BY_USER"><![CDATA['&&project_id.']]></replace>
		</table>		
		<table name="DRUG_ENROLMENT_CAT" child="true" parent="false">
			<modifiedAt>MODIFIED_AT</modifiedAt>
			<modifiedBy>MODIFIED</modifiedBy>
			<replace column_name="MODIFIED_AT">sysdate</replace>
			<replace column_name="CREATED_TIMESTAMP">SYS_EXTRACT_UTC(SYSTIMESTAMP)</replace>
			<replace column_name="MODIFIED_TIMESTAMP">SYS_EXTRACT_UTC(SYSTIMESTAMP)</replace>
			<replace column_name="CREATED_BY_USER"><![CDATA['&&project_id.']]></replace>
			<replace column_name="MODIFIED_BY_USER"><![CDATA['&&project_id.']]></replace>
			<replace column_name="MODIFIED"><![CDATA['&&worker_id.']]></replace>
		</table>
		<table name="DRUG_SUPPLY_CONF" child="true" parent="true">
			<modifiedAt>MODIFIED_AT</modifiedAt>
			<modifiedBy>MODIFIED</modifiedBy>
			<replace column_name="MODIFIED_AT">sysdate</replace>
			<replace column_name="CREATED_TIMESTAMP">SYS_EXTRACT_UTC(SYSTIMESTAMP)</replace>
			<replace column_name="MODIFIED_TIMESTAMP">SYS_EXTRACT_UTC(SYSTIMESTAMP)</replace>
			<replace column_name="CREATED_BY_USER"><![CDATA['&&project_id.']]></replace>
			<replace column_name="MODIFIED_BY_USER"><![CDATA['&&project_id.']]></replace>
			<replace column_name="MODIFIED"><![CDATA['&&worker_id.']]></replace>
			<condition id="1" type="exclude" column_name="SUBCLASS">WarehouseSupplyConf</condition>
		</table>
		<table name="DRUG_NOTIFICATION" child="true" parent="true">
			<modifiedAt>MODIFIED_AT</modifiedAt>
			<modifiedBy>MODIFIED</modifiedBy>
			<replace column_name="MODIFIED_AT">sysdate</replace>
			<replace column_name="CREATED_TIMESTAMP">SYS_EXTRACT_UTC(SYSTIMESTAMP)</replace>
			<replace column_name="MODIFIED_TIMESTAMP">SYS_EXTRACT_UTC(SYSTIMESTAMP)</replace>
			<replace column_name="CREATED_BY_USER"><![CDATA['&&project_id.']]></replace>
			<replace column_name="MODIFIED_BY_USER"><![CDATA['&&project_id.']]></replace>
			<replace column_name="MODIFIED"><![CDATA['&&worker_id.']]></replace>
		</table>	
		<table name="DRUG_FACTOR" child="true" parent="true">
			<modifiedAt>MODIFIED_AT</modifiedAt>
			<modifiedBy>MODIFIED</modifiedBy>
			<replace column_name="MODIFIED_AT">sysdate</replace>
			<replace column_name="MODIFIED"><![CDATA['&&worker_id.']]></replace>
			<replace column_name="CREATED_TIMESTAMP">SYS_EXTRACT_UTC(SYSTIMESTAMP)</replace>
			<replace column_name="MODIFIED_TIMESTAMP">SYS_EXTRACT_UTC(SYSTIMESTAMP)</replace>
			<replace column_name="CREATED_BY_USER"><![CDATA['&&project_id.']]></replace>
			<replace column_name="MODIFIED_BY_USER"><![CDATA['&&project_id.']]></replace>
		</table>
		<table name="DRUG_FACTOR_VALUE" child="true" parent="true">
			<modifiedAt>MODIFIED_AT</modifiedAt>
			<modifiedBy>MODIFIED</modifiedBy>
			<replace column_name="MODIFIED_AT">sysdate</replace>
			<replace column_name="MODIFIED"><![CDATA['&&worker_id.']]></replace>
			<replace column_name="CREATED_TIMESTAMP">SYS_EXTRACT_UTC(SYSTIMESTAMP)</replace>
			<replace column_name="MODIFIED_TIMESTAMP">SYS_EXTRACT_UTC(SYSTIMESTAMP)</replace>
			<replace column_name="CREATED_BY_USER"><![CDATA['&&project_id.']]></replace>
			<replace column_name="MODIFIED_BY_USER"><![CDATA['&&project_id.']]></replace>			
		</table>
		<table name="DRUG_COHORT" child="true" parent="true">
			<modifiedAt>MODIFIED_AT</modifiedAt>
			<modifiedBy>MODIFIED</modifiedBy>
			<replace column_name="MODIFIED_AT">sysdate</replace>
			<replace column_name="CREATED_TIMESTAMP">SYS_EXTRACT_UTC(SYSTIMESTAMP)</replace>
			<replace column_name="MODIFIED_TIMESTAMP">SYS_EXTRACT_UTC(SYSTIMESTAMP)</replace>
			<replace column_name="CREATED_BY_USER"><![CDATA['&&project_id.']]></replace>
			<replace column_name="MODIFIED_BY_USER"><![CDATA['&&project_id.']]></replace>
			<replace column_name="MODIFIED"><![CDATA['&&worker_id.']]></replace>
		</table>
			<table name="DRUG_PRIORITY_ASSIGNMENT" child="true" parent="true">
			<modifiedAt>MODIFIED_AT</modifiedAt>
			<modifiedBy>MODIFIED</modifiedBy>
			<replace column_name="MODIFIED_AT">sysdate</replace>
			<replace column_name="CREATED_TIMESTAMP">SYS_EXTRACT_UTC(SYSTIMESTAMP)</replace>
			<replace column_name="MODIFIED_TIMESTAMP">SYS_EXTRACT_UTC(SYSTIMESTAMP)</replace>
			<replace column_name="CREATED_BY_USER"><![CDATA['&&project_id.']]></replace>
			<replace column_name="MODIFIED_BY_USER"><![CDATA['&&project_id.']]></replace>
			<replace column_name="MODIFIED"><![CDATA['&&worker_id.']]></replace>
		</table>
		<table name="DRUG_DOSE" child="true" parent="true">
			<modifiedAt>MODIFIED_AT</modifiedAt>
			<modifiedBy>MODIFIED</modifiedBy>
			<replace column_name="MODIFIED_AT">sysdate</replace>
			<replace column_name="CREATED_TIMESTAMP">SYS_EXTRACT_UTC(SYSTIMESTAMP)</replace>
			<replace column_name="MODIFIED_TIMESTAMP">SYS_EXTRACT_UTC(SYSTIMESTAMP)</replace>
			<replace column_name="CREATED_BY_USER"><![CDATA['&&project_id.']]></replace>
			<replace column_name="MODIFIED_BY_USER"><![CDATA['&&project_id.']]></replace>
			<replace column_name="MODIFIED"><![CDATA['&&worker_id.']]></replace>
		</table>		
	</roundtrip>				
</configuration>