<?xml version="1.0" encoding="ISO-8859-1"?>
<configuration>
   <startup>
		<object objectid="registry">
	   		<new classname="com.as.drug.jmx.GenericRegistry"/>
	   	</object>
	   	
	   	<object objectid="shipmentManager">
	   		<new classname="com.as.drug.core.domainobject.manager.ShipmentManagerImpl"/>
	   	</object>
	   	
	   	<call refobjectid="shipmentManager" method="setNameGenerator">
	   		<arg type="com.as.drug.core.domainobject.manager.shipmentmanager.ShipmentManagerNameGenerator">
	   			<new classname="com.as.drug.core.domainobject.manager.shipmentmanager.ShipmentManagerNameGeneratorDefaultImpl"/>
	   		</arg>
	   	</call>
	   	
	   	<call refobjectid="registry" method="addEntry">
	   		<arg type="java.lang.String">DRUG_SHIPMENT_MANAGER</arg>
	   		<arg type="java.lang.Object" refobjectid="shipmentManager"/>
		</call>
		
		<call refobjectid="registry" method="addEntry">
	   		<arg type="java.lang.String">drug::HibernateDrugUtil</arg>
	   		<arg type="java.lang.Object">
	   			<new classname="com.as.drug.persistence.HibernateDrugUtilImpl"/>
	   		</arg>
		</call>
		
	 	<call refobjectid="registry" method="addEntry">
	   		<arg type="java.lang.String">drug::STATUS_MANAGER</arg>
	   		<arg type="java.lang.Object">
	   			<new classname="com.as.drug.core.domainobject.manager.StatusManagerImpl"/>
	   		</arg>
		</call>
		
		<call refobjectid="registry" method="addEntry">
	   		<arg type="java.lang.String">KIT_MANAGER</arg>
	   		<arg type="java.lang.Object">
	   			<new classname="com.as.drug.core.domainobject.manager.KitManagerImpl"/>
	   		</arg>
		</call>
		
		<call refobjectid="registry" method="addEntry">
	   		<arg type="java.lang.String">LOCATION_MANAGER</arg>
	   		<arg type="java.lang.Object">
	   			<new classname="com.as.drug.core.domainobject.manager.LocationManagerImpl"/>
	   		</arg>
		</call>   
		
		<call refobjectid="registry" method="addEntry">
	   		<arg type="java.lang.String">WAREHOUSE_MANAGER</arg>
	   		<arg type="java.lang.Object">
	   			<new classname="com.as.drug.core.domainobject.manager.WarehouseManagerImpl"/>
	   		</arg>
		</call>  
		
		<call refobjectid="registry" method="addEntry">
	   		<arg type="java.lang.String">DISABLE_LIST_MANAGER</arg>
	   		<arg type="java.lang.Object">
	   			<new classname="com.as.drug.core.domainobject.manager.DisableListManagerImpl"/>
	   		</arg>
		</call>  
		
		<call refobjectid="registry" method="addEntry">
	   		<arg type="java.lang.String">DRUG_BATCH_MANAGER</arg>
	   		<arg type="java.lang.Object">
	   			<new classname="com.as.drug.core.domainobject.manager.BatchManagerImpl"/>
	   		</arg>
		</call> 
		
		<call refobjectid="registry" method="addEntry">
	   		<arg type="java.lang.String">DRUG_IMPORT_MANAGER</arg>
	   		<arg type="java.lang.Object">
	   			<new classname="com.as.drug.core.domainobject.manager.ImportManagerImpl"/>
	   		</arg>
		</call>
		
		<object objectid="rndNoManager">
			<new classname="com.as.drug.core.domainobject.manager.RndNoManagerImpl"/>
	   	</object>
	   	
	   	<call refobjectid="rndNoManager" method="setEmergencyUnblinding">
	   		<arg type="com.as.drug.core.component.randomnumbers.unblinding.EmergencyUnblinding">
	   			<new classname="com.as.drug.core.component.randomnumbers.unblinding.impl.EmergencyUnblindingDefaultImpl"/>
	   		</arg>
	   	</call>
	   	
	   	 	<call refobjectid="rndNoManager" method="setRandomNumberReader">
	   		<arg type="com.as.drug.core.component.randomnumbers.RandomNumberReader">
	   			<new classname="com.as.drug.core.component.randomnumbers.RandomNumberReader"/>
	   		</arg>
	   	</call>
		
		<call refobjectid="registry" method="addEntry">
	   		<arg type="java.lang.String">DRUG_RNDNO_MANAGER</arg>
	   		<arg type="java.lang.Object" refobjectid="rndNoManager"/>
		</call>
		
		<call refobjectid="registry" method="addEntry">
	   		<arg type="java.lang.String">drug:OfflineProcessStateManager</arg>
	   		<arg type="java.lang.Object">
	   			<new classname="com.as.drug.core.crosssection.offlineprocess.OfflineProcessStateManagerImpl"/>
	   		</arg>
		</call>
		
		<call refobjectid="registry" method="addEntry">
	   		<arg type="java.lang.String">drug::RequestVariables</arg>
	   		<arg type="java.lang.Object">
	   			<new classname="com.as.drug.core.crosssection.request.RequestVariablesImpl"/>
	   		</arg>
		</call>

	      <create classname="com.as.drug.core.crosssection.DrugConfigurationInitializerImpl" objectname=":type=Component,name=DrugConfigurationInitializer">
	      		<arg type="com.as.drug.jmx.GenericRegistry" refobjectid="registry"/>
	     </create>
   </startup>

   <shutdown>
      <unregister objectname=":type=Component,name=DrugConfigurationInitializer" />
   </shutdown>
</configuration>