<?xml version="1.0" encoding="ISO-8859-1"?>
<configuration>
   <startup>
   		<object objectid="registry">
   			<new classname="com.as.drug.jmx.GenericRegistry"/>
   		</object>
   		
   		<call method="addEntry" refobjectid="registry">
   			<arg type="java.lang.String">IWR-99999</arg>
   			<arg type="java.lang.Object">
   				<new classname="com.as.drug.core.component.errors.ErrorCodeFactory99999"/>
   			</arg>
   		</call>
   		
   		<call method="addEntry" refobjectid="registry">
   			<arg type="java.lang.String">IWR-10001</arg>
   			<arg type="java.lang.Object">
   				<new classname="com.as.drug.core.component.errors.ErrorCodeFactory10001"/>
   			</arg>
   		</call>
   		
   		<call method="addEntry" refobjectid="registry">
   			<arg type="java.lang.String">IWR-10002</arg>
   			<arg type="java.lang.Object">
   				<new classname="com.as.drug.core.component.errors.ErrorCodeFactory10002"/>
   			</arg>
   		</call>
   		
   		<call method="addEntry" refobjectid="registry">
   			<arg type="java.lang.String">IWR-10003</arg>
   			<arg type="java.lang.Object">
   				<new classname="com.as.drug.core.component.errors.ErrorCodeFactory10003"/>
   			</arg>
   		</call>
   		
   		<call method="addEntry" refobjectid="registry">
   			<arg type="java.lang.String">IWR-10004</arg>
   			<arg type="java.lang.Object">
   				<new classname="com.as.drug.core.component.errors.ErrorCodeFactory10004"/>
   			</arg>
   		</call>
   		
   		<call method="addEntry" refobjectid="registry">
   			<arg type="java.lang.String">IWR-10005</arg>
   			<arg type="java.lang.Object">
   				<new classname="com.as.drug.core.component.errors.ErrorCodeFactory10005"/>
   			</arg>
   		</call>
   		
   		<call method="addEntry" refobjectid="registry">
   			<arg type="java.lang.String">IWR-10006</arg>
   			<arg type="java.lang.Object">
   				<new classname="com.as.drug.core.component.errors.ErrorCodeFactory10006"/>
   			</arg>
   		</call>
   		
   		<call method="addEntry" refobjectid="registry">
   			<arg type="java.lang.String">IWR-10007</arg>
   			<arg type="java.lang.Object">
   				<new classname="com.as.drug.core.component.errors.ErrorCodeFactory10007"/>
   			</arg>
   		</call>
   		
   		<call method="addEntry" refobjectid="registry">
   			<arg type="java.lang.String">IWR-10008</arg>
   			<arg type="java.lang.Object">
   				<new classname="com.as.drug.core.component.errors.ErrorCodeFactory10008"/>
   			</arg>
   		</call>
   		
   		<call method="addEntry" refobjectid="registry">
   			<arg type="java.lang.String">IWR-10009</arg>
   			<arg type="java.lang.Object">
   				<new classname="com.as.drug.core.component.errors.ErrorCodeFactory10009"/>
   			</arg>
   		</call>
   		
   		<call method="addEntry" refobjectid="registry">
   			<arg type="java.lang.String">IWR-10010</arg>
   			<arg type="java.lang.Object">
   				<new classname="com.as.drug.core.component.errors.ErrorCodeFactory10010"/>
   			</arg>
   		</call>
   		
   		<call method="addEntry" refobjectid="registry">
   			<arg type="java.lang.String">IWR-10011</arg>
   			<arg type="java.lang.Object">
   				<new classname="com.as.drug.core.component.errors.ErrorCodeFactory10011"/>
   			</arg>
   		</call>
   		
   		<call method="addEntry" refobjectid="registry">
   			<arg type="java.lang.String">IWR-10012</arg>
   			<arg type="java.lang.Object">
   				<new classname="com.as.drug.core.component.errors.ErrorCodeFactory10012"/>
   			</arg>
   		</call>
   		
   		<call method="addEntry" refobjectid="registry">
   			<arg type="java.lang.String">IWR-10013</arg>
   			<arg type="java.lang.Object">
   				<new classname="com.as.drug.core.component.errors.ErrorCodeFactory10013"/>
   			</arg>
   		</call>
   		
   		<call method="addEntry" refobjectid="registry">
   			<arg type="java.lang.String">IWR-10014</arg>
   			<arg type="java.lang.Object">
   				<new classname="com.as.drug.core.component.errors.ErrorCodeFactory10014"/>
   			</arg>
   		</call>
   		
   		<call method="addEntry" refobjectid="registry">
   			<arg type="java.lang.String">IWR-10016</arg>
   			<arg type="java.lang.Object">
   				<new classname="com.as.drug.core.component.errors.ErrorCodeFactory10016"/>
   			</arg>
   		</call>
   		
   		<call method="addEntry" refobjectid="registry">
   			<arg type="java.lang.String">IWR-10017</arg>
   			<arg type="java.lang.Object">
   				<new classname="com.as.drug.core.component.errors.ErrorCodeFactory10017"/>
   			</arg>
   		</call>
   		
   		<call method="addEntry" refobjectid="registry">
   			<arg type="java.lang.String">IWR-10018</arg>
   			<arg type="java.lang.Object">
   				<new classname="com.as.drug.core.component.errors.ErrorCodeFactory10018"/>
   			</arg>
   		</call>
   		
   		<call method="addEntry" refobjectid="registry">
   			<arg type="java.lang.String">IWR-10019</arg>
   			<arg type="java.lang.Object">
   				<new classname="com.as.drug.core.component.errors.ErrorCodeFactory10019"/>
   			</arg>
   		</call>
   		
   		<call method="addEntry" refobjectid="registry">
   			<arg type="java.lang.String">IWR-10020</arg>
   			<arg type="java.lang.Object">
   				<new classname="com.as.drug.core.component.errors.ErrorCodeFactory10020"/>
   			</arg>
   		</call>
   		
   		<call method="addEntry" refobjectid="registry">
   			<arg type="java.lang.String">IWR-10021</arg>
   			<arg type="java.lang.Object">
   				<new classname="com.as.drug.core.component.errors.ErrorCodeFactory10021"/>
   			</arg>
   		</call>
   		
   		<call method="addEntry" refobjectid="registry">
   			<arg type="java.lang.String">IWR-10022</arg>
   			<arg type="java.lang.Object">
   				<new classname="com.as.drug.core.component.errors.ErrorCodeFactory10022"/>
   			</arg>
   		</call>
   		
   		<call method="addEntry" refobjectid="registry">
   			<arg type="java.lang.String">IWR-10023</arg>
   			<arg type="java.lang.Object">
   				<new classname="com.as.drug.core.component.errors.ErrorCodeFactory10023"/>
   			</arg>
   		</call>
   		
   		<call method="addEntry" refobjectid="registry">
   			<arg type="java.lang.String">IWR-10024</arg>
   			<arg type="java.lang.Object">
   				<new classname="com.as.drug.core.component.errors.ErrorCodeFactory10024"/>
   			</arg>
   		</call>
   		
   		<call method="addEntry" refobjectid="registry">
   			<arg type="java.lang.String">IWR-10026</arg>
   			<arg type="java.lang.Object">
   				<new classname="com.as.drug.core.component.errors.ErrorCodeFactory10026"/>
   			</arg>
   		</call>
   		
   		<call method="addEntry" refobjectid="registry">
   			<arg type="java.lang.String">IWR-10028</arg>
   			<arg type="java.lang.Object">
   				<new classname="com.as.drug.core.component.errors.ErrorCodeFactory10028"/>
   			</arg>
   		</call>
   		
   		<call method="addEntry" refobjectid="registry">
   			<arg type="java.lang.String">IWR-10029</arg>
   			<arg type="java.lang.Object">
   				<new classname="com.as.drug.core.component.errors.ErrorCodeFactory10029"/>
   			</arg>
   		</call>
   		
   		<call method="addEntry" refobjectid="registry">
   			<arg type="java.lang.String">IWR-10030</arg>
   			<arg type="java.lang.Object">
   				<new classname="com.as.drug.core.component.errors.ErrorCodeFactory10030"/>
   			</arg>
   		</call>
   		
   		<call method="addEntry" refobjectid="registry">
   			<arg type="java.lang.String">IWR-10031</arg>
   			<arg type="java.lang.Object">
   				<new classname="com.as.drug.core.component.errors.ErrorCodeFactory10031"/>
   			</arg>
   		</call>
   		
   		<call method="addEntry" refobjectid="registry">
   			<arg type="java.lang.String">IWR-10032</arg>
   			<arg type="java.lang.Object">
   				<new classname="com.as.drug.core.component.errors.ErrorCodeFactory10032"/>
   			</arg>
   		</call>
   		
   		<call method="addEntry" refobjectid="registry">
   			<arg type="java.lang.String">IWR-10033</arg>
   			<arg type="java.lang.Object">
   				<new classname="com.as.drug.core.component.errors.ErrorCodeFactory10033"/>
   			</arg>
   		</call>
   		
   		<call method="addEntry" refobjectid="registry">
   			<arg type="java.lang.String">IWR-10034</arg>
   			<arg type="java.lang.Object">
   				<new classname="com.as.drug.core.component.errors.ErrorCodeFactory10034"/>
   			</arg>
   		</call>
   		
   		<call method="addEntry" refobjectid="registry">
   			<arg type="java.lang.String">IWR-10035</arg>
   			<arg type="java.lang.Object">
   				<new classname="com.as.drug.core.component.errors.ErrorCodeFactory10035"/>
   			</arg>
   		</call>
   		
   		<call method="addEntry" refobjectid="registry">
   			<arg type="java.lang.String">IWR-10036</arg>
   			<arg type="java.lang.Object">
   				<new classname="com.as.drug.core.component.errors.ErrorCodeFactory10036"/>
   			</arg>
   		</call>
   		
   		<call method="addEntry" refobjectid="registry">
   			<arg type="java.lang.String">IWR-10037</arg>
   			<arg type="java.lang.Object">
   				<new classname="com.as.drug.core.component.errors.ErrorCodeFactory10037"/>
   			</arg>
   		</call>
   		
   		<call method="addEntry" refobjectid="registry">
   			<arg type="java.lang.String">IWR-10038</arg>
   			<arg type="java.lang.Object">
   				<new classname="com.as.drug.core.component.errors.ErrorCodeFactory10038"/>
   			</arg>
   		</call>
   		
   		<call method="addEntry" refobjectid="registry">
   			<arg type="java.lang.String">IWR-10040</arg>
   			<arg type="java.lang.Object">
   				<new classname="com.as.drug.core.component.errors.ErrorCodeFactory10040"/>
   			</arg>
   		</call>
		
		<call method="addEntry" refobjectid="registry">
   			<arg type="java.lang.String">IWR-10041</arg>
   			<arg type="java.lang.Object">
   				<new classname="com.as.drug.core.component.errors.ErrorCodeFactory10041"/>
   			</arg>
   		</call>
   		
   		<call method="addEntry" refobjectid="registry">
   			<arg type="java.lang.String">IWR-10042</arg>
   			<arg type="java.lang.Object">
   				<new classname="com.as.drug.core.component.errors.ErrorCodeFactory10042"/>
   			</arg>
   		</call>
   		
   		<call method="addEntry" refobjectid="registry">
   			<arg type="java.lang.String">IWR-10043</arg>
   			<arg type="java.lang.Object">
   				<new classname="com.as.drug.core.component.errors.ErrorCodeFactory10043"/>
   			</arg>
   		</call>   
   		
   		<call method="addEntry" refobjectid="registry">
   			<arg type="java.lang.String">IWR-10044</arg>
   			<arg type="java.lang.Object">
   				<new classname="com.as.drug.core.component.errors.ErrorCodeFactory10044"/>
   			</arg>
   		</call>  
		
		<call method="addEntry" refobjectid="registry">
   			<arg type="java.lang.String">IWR-10045</arg>
   			<arg type="java.lang.Object">
   				<new classname="com.as.drug.core.component.errors.ErrorCodeFactory10045"/>
   			</arg>
   		</call>
   		
   		<call method="addEntry" refobjectid="registry">
   			<arg type="java.lang.String">IWR-10046</arg>
   			<arg type="java.lang.Object">
   				<new classname="com.as.drug.core.component.errors.ErrorCodeFactory10046"/>
   			</arg>
   		</call>
   		
   		<call method="addEntry" refobjectid="registry">
   			<arg type="java.lang.String">IWR-10047</arg>
   			<arg type="java.lang.Object">
   				<new classname="com.as.drug.core.component.errors.ErrorCodeFactory10047"/>
   			</arg>
   		</call>
   		
   		<call method="addEntry" refobjectid="registry">
   			<arg type="java.lang.String">IWR-10048</arg>
   			<arg type="java.lang.Object">
   				<new classname="com.as.drug.core.component.errors.ErrorCodeFactory10048"/>
   			</arg>
   		</call>
   		
   		<call method="addEntry" refobjectid="registry">
   			<arg type="java.lang.String">IWR-10052</arg>
   			<arg type="java.lang.Object">
   				<new classname="com.as.drug.core.component.errors.ErrorCodeFactory10052"/>
   			</arg>
   		</call>
   		
   		<call method="addEntry" refobjectid="registry">
   			<arg type="java.lang.String">IWR-10053</arg>
   			<arg type="java.lang.Object">
   				<new classname="com.as.drug.core.component.errors.ErrorCodeFactory10053"/>
   			</arg>
   		</call>
   		
   		<call method="addEntry" refobjectid="registry">
   			<arg type="java.lang.String">IWR-10049</arg>
   			<arg type="java.lang.Object">
   				<new classname="com.as.drug.core.component.errors.ErrorCodeFactory10049"/>
   			</arg>
   		</call>
   		
   		<call method="addEntry" refobjectid="registry">
   			<arg type="java.lang.String">IWR-10050</arg>
   			<arg type="java.lang.Object">
   				<new classname="com.as.drug.core.component.errors.ErrorCodeFactory10050"/>
   			</arg>
   		</call>
   		
   		<call method="addEntry" refobjectid="registry">
   			<arg type="java.lang.String">IWR-10051</arg>
   			<arg type="java.lang.Object">
   				<new classname="com.as.drug.core.component.errors.ErrorCodeFactory10051"/>
   			</arg>
   		</call>
   		
   		<call method="addEntry" refobjectid="registry">
   			<arg type="java.lang.String">IWR-10054</arg>
   			<arg type="java.lang.Object">
   				<new classname="com.as.drug.core.component.errors.ErrorCodeFactory10054"/>
   			</arg>
   		</call>
   		
   		<call method="addEntry" refobjectid="registry">
   			<arg type="java.lang.String">IWR-10055</arg>
   			<arg type="java.lang.Object">
   				<new classname="com.as.drug.core.component.errors.ErrorCodeFactory10055"/>
   			</arg>
   		</call>
   		
   		<call method="addEntry" refobjectid="registry">
   			<arg type="java.lang.String">IWR-10056</arg>
   			<arg type="java.lang.Object">
   				<new classname="com.as.drug.core.component.errors.ErrorCodeFactory10056"/>
   			</arg>
   		</call>
   		
   		<call method="addEntry" refobjectid="registry">
   			<arg type="java.lang.String">IWR-10057</arg>
   			<arg type="java.lang.Object">
   				<new classname="com.as.drug.core.component.errors.ErrorCodeFactory10057"/>
   			</arg>
   		</call>
   		<call method="addEntry" refobjectid="registry">
   			<arg type="java.lang.String">IWR-10058</arg>
   			<arg type="java.lang.Object">
   				<new classname="com.as.drug.core.component.errors.ErrorCodeFactory10058"/>
   			</arg>
   		</call>
   		
   		<call method="addEntry" refobjectid="registry">
   			<arg type="java.lang.String">IWR-10059</arg>
   			<arg type="java.lang.Object">
   				<new classname="com.as.drug.core.component.errors.ErrorCodeFactory10059"/>
   			</arg>
   		</call>
   		
   		<call method="addEntry" refobjectid="registry">
   			<arg type="java.lang.String">IWR-10060</arg>
   			<arg type="java.lang.Object">
   				<new classname="com.as.drug.core.component.errors.ErrorCodeFactory10060"/>
   			</arg>
   		</call>
   		
   		<call method="addEntry" refobjectid="registry">
   			<arg type="java.lang.String">IWR-10061</arg>
   			<arg type="java.lang.Object">
   				<new classname="com.as.drug.core.component.errors.ErrorCodeFactory10061"/>
   			</arg>
   		</call>
   		<call method="addEntry" refobjectid="registry">
   			<arg type="java.lang.String">IWR-10062</arg>
   			<arg type="java.lang.Object">
   				<new classname="com.as.drug.core.component.errors.ErrorCodeFactory10062"/>
   			</arg>
   		</call>
   		<call method="addEntry" refobjectid="registry">
   			<arg type="java.lang.String">IWR-10063</arg>
   			<arg type="java.lang.Object">
   				<new classname="com.as.drug.core.component.errors.ErrorCodeFactory10063"/>
   			</arg>
   		</call>
   		<call method="addEntry" refobjectid="registry">
   			<arg type="java.lang.String">IWR-10064</arg>
   			<arg type="java.lang.Object">
   				<new classname="com.as.drug.core.component.errors.ErrorCodeFactory10064"/>
   			</arg>
   		</call>
   		<call method="addEntry" refobjectid="registry">
   			<arg type="java.lang.String">IWR-10065</arg>
   			<arg type="java.lang.Object">
   				<new classname="com.as.drug.core.component.errors.ErrorCodeFactory10065"/>
   			</arg>
   		</call>
   		<call method="addEntry" refobjectid="registry">
   			<arg type="java.lang.String">IWR-10066</arg>
   			<arg type="java.lang.Object">
   				<new classname="com.as.drug.core.component.errors.ErrorCodeFactory10066"/>
   			</arg>
   		</call>
   		<call method="addEntry" refobjectid="registry">
   			<arg type="java.lang.String">IWR-10067</arg>
   			<arg type="java.lang.Object">
   				<new classname="com.as.drug.core.component.errors.ErrorCodeFactory10067"/>
   			</arg>
   		</call>
   		<call method="addEntry" refobjectid="registry">
   			<arg type="java.lang.String">IWR-10068</arg>
   			<arg type="java.lang.Object">
   				<new classname="com.as.drug.core.component.errors.ErrorCodeFactory10068"/>
   			</arg>
   		</call>
   		<call method="addEntry" refobjectid="registry">
   			<arg type="java.lang.String">IWR-10069</arg>
   			<arg type="java.lang.Object">
   				<new classname="com.as.drug.core.component.errors.ErrorCodeFactory10069"/>
   			</arg>
   		</call>
   		<call method="addEntry" refobjectid="registry">
   			<arg type="java.lang.String">IWR-10070</arg>
   			<arg type="java.lang.Object">
   				<new classname="com.as.drug.core.component.errors.ErrorCodeFactory10070"/>
   			</arg>
   		</call>
		
   		<create classname="com.as.drug.core.component.errors.jmx.ErrorCodeAutoloader" objectname=":type=Component,name=ErroCodeAutoloader">
   			<arg type="com.as.drug.jmx.GenericRegistry" refobjectid="registry"/>
   		</create>
   </startup>
   
   <shutdown>
      <unregister objectname=":type=Component,name=ErroCodeAutoloader" />
   </shutdown>
</configuration>