<?xml version="1.0" encoding="ISO-8859-1"?>
<configuration>
   <startup>
   		<object objectid="registry">
   			<new classname="com.as.drug.gui.jmx.GuiOperationRegistry"/>
   		</object>
   		<call refobjectid="registry" method="addOperationCommand">
      		<arg type="java.lang.String">EmergencyUnblindPatientWithoutCode</arg>
      		<arg type="com.as.drug.gui.commands.TaskCreatorFromRequestCommand">
      			<new classname="com.as.drug.gui.commands.creators.request.EmergencyUnblindPatientWithoutCodeTaskCreator"/>
      		</arg>
		</call>
		
		 <call refobjectid="registry" method="addOperationCommand">
      		<arg type="java.lang.String">UnblindPatientLogged</arg>
      		<arg type="com.as.drug.gui.commands.TaskCreatorFromRequestCommand">
      			<new classname="com.as.drug.gui.commands.creators.request.DrugSafetyUnblindingTaskCreator"/>
      		</arg>
		</call>
		
   		<create classname="com.as.drug.gui.jmx.GuiOperationAutoloader" objectname=":type=Component,name=DrugSecureSaveRecordRegistry">
   			<arg type="com.as.drug.gui.jmx.GuiOperationRegistry" refobjectid="registry"/>
   		</create>
		
   </startup>
   
   <shutdown>
      <unregister objectname=":type=Component,name=DrugSecureSaveRecordRegistry" />
   </shutdown>
</configuration>