<?xml version="1.0" encoding="ISO-8859-1"?>
<configuration>
   <startup>
   		<object objectid="registry">
   			<new classname="com.as.drug.jmx.GenericRegistry"/>
   		</object>
   		
   		<call method="addEntry" refobjectid="registry">
   			<arg type="java.lang.String">ModifyKitUpdate</arg>
   			<arg type="java.lang.Object">
   				<new classname="com.as.drug.external.webservices.creators.ModifyKitUpdateCreator"/>
   			</arg>
   		</call>
   		
   		<call method="addEntry" refobjectid="registry">
   			<arg type="java.lang.String">ModifyKitAttributes</arg>
   			<arg type="java.lang.Object">
   				<new classname="com.as.drug.external.webservices.creators.ModifyKitAttributesCreator"/>
   			</arg>
   		</call>
   		
   		<call method="addEntry" refobjectid="registry">
   			<arg type="java.lang.String">AssignPooledKitSponsorProjId</arg>
   			<arg type="java.lang.Object">
   				<new classname="com.as.drug.external.webservices.creators.AssignPooledKitSponsorProjIdCreator"/>
   			</arg>
   		</call>
   		
   		<call method="addEntry" refobjectid="registry">
   			<arg type="java.lang.String">RelocateBatchKits</arg>
   			<arg type="java.lang.Object">
   				<new classname="com.as.drug.external.webservices.creators.RelocateBatchKitsCreator"/>
   			</arg>
   		</call>
   		
   		<call method="addEntry" refobjectid="registry">
   			<arg type="java.lang.String">AssignReleaseCountries</arg>
   			<arg type="java.lang.Object">
   				<new classname="com.as.drug.external.webservices.creators.AssignReleaseCountriesCreator"/>
   			</arg>
   		</call>
   		
   		<call method="addEntry" refobjectid="registry">
   			<arg type="java.lang.String">UpdateBatchKitStatus</arg>
   			<arg type="java.lang.Object">
   				<new classname="com.as.drug.external.webservices.creators.UpdateBatchKitStatusCreator"/>
   			</arg>
   		</call>
   		
   		<call method="addEntry" refobjectid="registry">
   			<arg type="java.lang.String">BatchRelease</arg>
   			<arg type="java.lang.Object">
   				<new classname="com.as.drug.external.webservices.creators.BatchReleaseCreator"/>
   			</arg>
   		</call>
   		
  		<call method="addEntry" refobjectid="registry">
   			<arg type="java.lang.String">RndNoFileImport</arg>
   			<arg type="java.lang.Object">
   				<new classname="com.as.drug.external.webservices.creators.RndNoFileImportCreator"/>
   			</arg>
   		</call>
   		
   		<call method="addEntry" refobjectid="registry">
   			<arg type="java.lang.String">CreateShipment</arg>
   			<arg type="java.lang.Object">
   				<new classname="com.as.drug.external.webservices.creators.CreateShipmentCreator"/>
   			</arg>
   		</call>
   		
   		<call method="addEntry" refobjectid="registry">
   			<arg type="java.lang.String">ModifyShipment</arg>
   			<arg type="java.lang.Object">
   				<new classname="com.as.drug.external.webservices.creators.ModifyShipmentCreator"/>
   			</arg>
   		</call>
   		
   		<call method="addEntry" refobjectid="registry">
   			<arg type="java.lang.String">CancelShipment</arg>
   			<arg type="java.lang.Object">
   				<new classname="com.as.drug.external.webservices.creators.CancelShipmentWebserviceCreator"/>
   			</arg>
   		</call>
   		
   		<call method="addEntry" refobjectid="registry">
   			<arg type="java.lang.String">SendShipment</arg>
   			<arg type="java.lang.Object">
   				<new classname="com.as.drug.external.webservices.creators.SendShipmentWebserviceCreator"/>
   			</arg>
   		</call>
   		
		<call method="addEntry" refobjectid="registry">
   			<arg type="java.lang.String">LoadUnPackagedKitList</arg>
   			<arg type="java.lang.Object">
   				<new classname="com.as.drug.external.webservices.creators.LoadUnLabeledKitListCreator"/>
   			</arg>
   		</call>
   		
   		<call method="addEntry" refobjectid="registry">
   			<arg type="java.lang.String">DisableUnpackagedKitList</arg>
   			<arg type="java.lang.Object">
   				<new classname="com.as.drug.external.webservices.creators.DisableUnPackagedKitListCreator"/>
   			</arg>
   		</call>
   		
   		<call method="addEntry" refobjectid="registry">
   			<arg type="java.lang.String">LoadRandomNumberList</arg>
   			<arg type="java.lang.Object">
   				<new classname="com.as.drug.external.webservices.creators.LoadRandomNumberListCreator"/>
   			</arg>
   		</call>
   		
   		<call method="addEntry" refobjectid="registry">
   			<arg type="java.lang.String">DisableRandList</arg>
   			<arg type="java.lang.Object">
   				<new classname="com.as.drug.external.webservices.creators.DisableRandListCreator"/>
   			</arg>
   		</call>
   		
   		<call method="addEntry" refobjectid="registry">
   			<arg type="java.lang.String">LocationStatusListManagement</arg>
   			<arg type="java.lang.Object">
   				<new classname="com.as.drug.external.webservices.creators.LocationStatusListManagementCreator"/>
   			</arg>
   		</call>
   		
   		  <call method="addEntry" refobjectid="registry">
   			<arg type="java.lang.String">SupplyCheckDispense</arg>
   			<arg type="java.lang.Object">
   				<new classname="com.as.drug.internal.webservices.creators.SupplyCheckDispenseCreator"/>
   			</arg>
   		</call>
   		
 		<call method="addEntry" refobjectid="registry">
   			<arg type="java.lang.String">SupplyCheckShipment</arg>
   			<arg type="java.lang.Object">
   				<new classname="com.as.drug.internal.webservices.creators.SupplyCheckShipmentCreator"/>
   			</arg>
   		</call>
   		
   		<create classname="com.as.drug.external.webservices.creators.jmx.WebserviceTaskCreatorCodeAutoloader" objectname=":type=Component,name=WebserviceTaskCreatorCodeAutoloader">
   			<arg type="com.as.drug.jmx.GenericRegistry" refobjectid="registry"/>
   		</create>
   	</startup>
   
   <shutdown>
      <unregister objectname=":type=Component,name=WebserviceTaskCreatorCodeAutoloader" />
   </shutdown>
</configuration>