<?xml version="1.0" encoding="ISO-8859-1"?>
<configuration>
   <startup>
   		<object objectid="registry">
   			<new classname="com.as.drug.core.domainobject.manager.datasets.jmx.DatasetReaderRegistry"/>
   		</object>
   		
   		<!-- Generic properties -->
   		<object objectid="propName">
   			<new classname="com.as.drug.core.domainobject.manager.datasets.MappedPropertyDefinitionCreator">
   				<arg type="java.lang.String">NAME</arg>
   				<arg type="java.lang.String">name</arg>
   				<arg type="com.as.drug.core.domainobject.manager.datasets.converter.StringConverterFactory">
   					<new classname="com.as.drug.core.domainobject.manager.datasets.converter.StringConverterFactoryString"/>
   				</arg>
   			</new>
   		</object>
   		
		<object objectid="propAmount">
   			<new classname="com.as.drug.core.domainobject.manager.datasets.MappedPropertyDefinitionCreator">
   				<arg type="java.lang.String">amount</arg>
   				<arg type="java.lang.String">amount</arg>
   				<arg type="com.as.drug.core.domainobject.manager.datasets.converter.StringConverterFactory">
   					<new classname="com.as.drug.core.domainobject.manager.datasets.converter.StringConverterFactoryInteger"/>
   				</arg>
   			</new>
   		</object>
   		
   		<object objectid="propVerificationCode">
   			<new classname="com.as.drug.core.domainobject.manager.datasets.MappedPropertyDefinitionCreator">
   				<arg type="java.lang.String">VERIFICATION_CODE</arg>
   				<arg type="java.lang.String">verification code</arg>
   				<arg type="com.as.drug.core.domainobject.manager.datasets.converter.StringConverterFactory">
   					<new classname="com.as.drug.core.domainobject.manager.datasets.converter.StringConverterFactoryString"/>
   				</arg>

   			</new>
   		</object>
    		
   		<object objectid="propExpirationDate">
   			<new classname="com.as.drug.core.domainobject.manager.datasets.MappedPropertyDefinitionCreator">
   				<arg type="java.lang.String">EXPIRATION_DATE</arg>
   				<arg type="java.lang.String">expiration date</arg>
   				<arg type="com.as.drug.core.domainobject.manager.datasets.converter.StringConverterFactory">
   					<new classname="com.as.drug.core.domainobject.manager.datasets.converter.StringConverterFactoryDate"/>
   				</arg>

   			</new>
   		</object>  		
 		 <object objectid="propSortKey">
   			<new classname="com.as.drug.core.domainobject.manager.datasets.MappedPropertyDefinitionCreator">
   				<arg type="java.lang.String">SORT_KEY</arg>
   				<arg type="java.lang.String">sort key</arg>
   				<arg type="com.as.drug.core.domainobject.manager.datasets.converter.StringConverterFactory">
   					<new classname="com.as.drug.core.domainobject.manager.datasets.converter.StringConverterFactoryLong"/>
   				</arg>
   			</new>
   		</object>
   		
   		  <object objectid="propCount">
   			<new classname="com.as.drug.core.domainobject.manager.datasets.MappedPropertyDefinitionCreator">
   				<arg type="java.lang.String">COUNT</arg>
   				<arg type="java.lang.String">count</arg>
   				<arg type="com.as.drug.core.domainobject.manager.datasets.converter.StringConverterFactory">
   					<new classname="com.as.drug.core.domainobject.manager.datasets.converter.StringConverterFactoryInteger"/>
   				</arg>
   			</new>
   		</object>
   		
   		 <object objectid="propBlockNumber">
   			<new classname="com.as.drug.core.domainobject.manager.datasets.MappedPropertyDefinitionCreator">
   				<arg type="java.lang.String">BLOCK_NUMBER</arg>
   				<arg type="java.lang.String">block number</arg>
   				<arg type="com.as.drug.core.domainobject.manager.datasets.converter.StringConverterFactory">
   					<new classname="com.as.drug.core.domainobject.manager.datasets.converter.StringConverterFactoryInteger"/>
   				</arg>
   			</new>
   		</object>
   		
   		 <object objectid="propBatchName">
   			<new classname="com.as.drug.core.domainobject.manager.datasets.MappedPropertyDefinitionCreator">
   				<arg type="java.lang.String">DRUG_BATCH.NAME</arg>
   				<arg type="java.lang.String">Batch.name</arg>
   				<arg type="com.as.drug.core.domainobject.manager.datasets.converter.StringConverterFactory">
   					<new classname="com.as.drug.core.domainobject.manager.datasets.converter.StringConverterFactoryString"/>
   				</arg>
   			</new>
   		</object>
   		
   		 <object objectid="propBatchWarehouseBatchName">
   			<new classname="com.as.drug.core.domainobject.manager.datasets.MappedPropertyDefinitionCreator">
   				<arg type="java.lang.String">DRUG_BATCH.WAREHOUSE_BATCH_NAME</arg>
   				<arg type="java.lang.String">Batch.warehouse batch name</arg>
   				<arg type="com.as.drug.core.domainobject.manager.datasets.converter.StringConverterFactory">
   					<new classname="com.as.drug.core.domainobject.manager.datasets.converter.StringConverterFactoryString"/>
   				</arg>
   			</new>
   		</object>
   		
   		<object objectid="propManufacturingLot">
   			<new classname="com.as.drug.core.domainobject.manager.datasets.MappedPropertyDefinitionCreator">
   				<arg type="java.lang.String">MANUFACTURING_LOT</arg>
   				<arg type="java.lang.String">manufacturing lot</arg>
   				<arg type="com.as.drug.core.domainobject.manager.datasets.converter.StringConverterFactory">
   					<new classname="com.as.drug.core.domainobject.manager.datasets.converter.StringConverterFactoryString"/>
   				</arg>
   			</new>
   		</object>
   		
   		 <object objectid="propBatchBlocked">
   			<new classname="com.as.drug.core.domainobject.manager.datasets.MappedPropertyDefinitionCreator">
   				<arg type="java.lang.String">DRUG_BATCH.BLOCKED</arg>
   				<arg type="java.lang.String">Batch.blocked</arg>
   				<arg type="com.as.drug.core.domainobject.manager.datasets.converter.StringConverterFactory">
   					<new classname="com.as.drug.core.domainobject.manager.datasets.converter.StringConverterFactoryBoolean"/>
   				</arg>
   			</new>
   		</object>
   		   		
   		 <object objectid="propUnblindedKitType">
   			<new classname="com.as.drug.core.domainobject.manager.datasets.MappedPropertyDefinitionCreator">
   				<arg type="java.lang.String">DRUG_KIT_TYPE.NAME</arg>
   				<arg type="java.lang.String">Unblinded Kit Type.name</arg>
   				<arg type="com.as.drug.core.domainobject.manager.datasets.converter.StringConverterFactory">
   					<new classname="com.as.drug.core.domainobject.manager.datasets.converter.StringConverterFactoryString"/>
   				</arg>
   			</new>
   		</object>
   		
   		 <object objectid="patternAdditional">
   			<new classname="com.as.drug.core.domainobject.manager.datasets.MappedPropertyDefinitionCreator">
   				<arg type="java.lang.String">ADDITIONAL.</arg>
   				<arg type="java.lang.String">ADDITIONAL.</arg>
   				<arg type="com.as.drug.core.domainobject.manager.datasets.converter.StringConverterFactory">
   					<new classname="com.as.drug.core.domainobject.manager.datasets.converter.StringConverterFactoryString"/>
   				</arg>
   			</new>
   		</object>
   		
   		<!--unpackaged Instance -->
   		
   		<object objectid="unpackagedlabeledInstance">
   			<new classname="com.as.drug.core.domainobject.manager.datasets.DatasetReaderFileTypeCreator"/>
   		</object>
   		
   		<call refobjectid="unpackagedlabeledInstance" method="addMandatory">
   			<arg type="java.lang.String">name</arg>
   		</call>
   		
   		<call refobjectid="unpackagedlabeledInstance" method="addMandatory">
   			<arg type="java.lang.String">sort key</arg>
   		</call>   		  		   		
   		<call refobjectid="unpackagedlabeledInstance" method="addMandatory">
   			<arg type="java.lang.String">Unblinded Kit Type.name</arg>
   		</call>
   		
   		<call refobjectid="unpackagedlabeledInstance" method="addMappedPropertyDefinition">
   			<arg type="com.as.drug.core.domainobject.manager.datasets.MappedPropertyDefinitionCreator"
   				refobjectid="propName"/>
   		</call>
   		
   		<call refobjectid="unpackagedlabeledInstance" method="addMappedPropertyDefinition">
   			<arg type="com.as.drug.core.domainobject.manager.datasets.MappedPropertyDefinitionCreator"
   				refobjectid="propVerificationCode"/>
   		</call>
   		
   		<call refobjectid="unpackagedlabeledInstance" method="addMappedPropertyDefinition">
   			<arg type="com.as.drug.core.domainobject.manager.datasets.MappedPropertyDefinitionCreator"
   				refobjectid="propSortKey"/>
   		</call>
   		
   		<call refobjectid="unpackagedlabeledInstance" method="addMappedPropertyDefinition">
   			<arg type="com.as.drug.core.domainobject.manager.datasets.MappedPropertyDefinitionCreator"
   				refobjectid="propCount"/>
   		</call>
   		
   		<call refobjectid="unpackagedlabeledInstance" method="addMappedPropertyDefinition">
   			<arg type="com.as.drug.core.domainobject.manager.datasets.MappedPropertyDefinitionCreator"
   				refobjectid="propBlockNumber"/>
   		</call>
   		
   		<call refobjectid="unpackagedlabeledInstance" method="addMappedPropertyDefinition">
   			<arg type="com.as.drug.core.domainobject.manager.datasets.MappedPropertyDefinitionCreator"
   				refobjectid="propUnblindedKitType"/>
   		</call>
   		
   		 <call refobjectid="unpackagedlabeledInstance" method="addMappedPropertyPatternDefinition">
   			<arg type="com.as.drug.core.domainobject.manager.datasets.MappedPropertyDefinitionCreator"
   				refobjectid="patternAdditional"/>
   		</call>
   		
   		
   		<!-- Labeled Instance -->
   		<object objectid="labeledInstance">
   			<new classname="com.as.drug.core.domainobject.manager.datasets.DatasetReaderFileTypeCreator"/>
   		</object>
   		
   		<call refobjectid="labeledInstance" method="addMandatory">
   			<arg type="java.lang.String">Batch.name</arg>
   		</call>
   		
   		<call refobjectid="labeledInstance" method="addMandatory">
   			<arg type="java.lang.String">name</arg>
   		</call>
   		
   		<call refobjectid="labeledInstance" method="addMandatory">
   			<arg type="java.lang.String">sort key</arg>
   		</call>
   		
   		<call refobjectid="labeledInstance" method="addMandatory">
   			<arg type="java.lang.String">expiration date</arg>
   		</call>
   		
   		<call refobjectid="labeledInstance" method="addMandatory">
   			<arg type="java.lang.String">Unblinded Kit Type.name</arg>
   		</call>
   		
   		<call refobjectid="labeledInstance" method="addMappedPropertyDefinition">
   			<arg type="com.as.drug.core.domainobject.manager.datasets.MappedPropertyDefinitionCreator"
   				refobjectid="propName"/>
   		</call>
   		
   		<call refobjectid="labeledInstance" method="addMappedPropertyDefinition">
   			<arg type="com.as.drug.core.domainobject.manager.datasets.MappedPropertyDefinitionCreator"
   				refobjectid="propVerificationCode"/>
   		</call>
   		
   		<call refobjectid="labeledInstance" method="addMappedPropertyDefinition">
   			<arg type="com.as.drug.core.domainobject.manager.datasets.MappedPropertyDefinitionCreator"
   				refobjectid="propExpirationDate"/>
   		</call>
   		
   		<call refobjectid="labeledInstance" method="addMappedPropertyDefinition">
   			<arg type="com.as.drug.core.domainobject.manager.datasets.MappedPropertyDefinitionCreator"
   				refobjectid="propSortKey"/>
   		</call>
   		
   		<call refobjectid="labeledInstance" method="addMappedPropertyDefinition">
   			<arg type="com.as.drug.core.domainobject.manager.datasets.MappedPropertyDefinitionCreator"
   				refobjectid="propCount"/>
   		</call>
   		
   		<call refobjectid="labeledInstance" method="addMappedPropertyDefinition">
   			<arg type="com.as.drug.core.domainobject.manager.datasets.MappedPropertyDefinitionCreator"
   				refobjectid="propBlockNumber"/>
   		</call>
   		
   		<call refobjectid="labeledInstance" method="addMappedPropertyDefinition">
   			<arg type="com.as.drug.core.domainobject.manager.datasets.MappedPropertyDefinitionCreator"
   				refobjectid="propBatchName"/>
   		</call>
   		
   		<call refobjectid="labeledInstance" method="addMappedPropertyDefinition">
   			<arg type="com.as.drug.core.domainobject.manager.datasets.MappedPropertyDefinitionCreator"
   				refobjectid="propBatchWarehouseBatchName"/>
   		</call>
   		
   		<call refobjectid="labeledInstance" method="addMappedPropertyDefinition">
   			<arg type="com.as.drug.core.domainobject.manager.datasets.MappedPropertyDefinitionCreator"
   				refobjectid="propBatchBlocked"/>
   		</call>
   		
   		<call refobjectid="labeledInstance" method="addMappedPropertyDefinition">
   			<arg type="com.as.drug.core.domainobject.manager.datasets.MappedPropertyDefinitionCreator"
   				refobjectid="propManufacturingLot"/>
  		</call>
   		
   		<call refobjectid="labeledInstance" method="addMappedPropertyDefinition">
   			<arg type="com.as.drug.core.domainobject.manager.datasets.MappedPropertyDefinitionCreator"
   				refobjectid="propUnblindedKitType"/>
   		</call>
   		
   		<call refobjectid="labeledInstance" method="addMappedPropertyPatternDefinition">
   			<arg type="com.as.drug.core.domainobject.manager.datasets.MappedPropertyDefinitionCreator"
   				refobjectid="patternAdditional"/>
   		</call>
   		
   		
   		<!-- Unlabeled Instance -->
   		<object objectid="unlabeledInstance">
   			<new classname="com.as.drug.core.domainobject.manager.datasets.DatasetReaderFileTypeCreator"/>
   		</object>
   		
   		<call refobjectid="unlabeledInstance" method="addMandatory">
   			<arg type="java.lang.String">Batch.name</arg>
   		</call>
   		
   		<call refobjectid="unlabeledInstance" method="addMandatory">
   			<arg type="java.lang.String">amount</arg>
   		</call>
   		
   		<call refobjectid="unlabeledInstance" method="addMandatory">
   			<arg type="java.lang.String">expiration date</arg>
   		</call>
   		
   		<call refobjectid="unlabeledInstance" method="addMandatory">
   			<arg type="java.lang.String">Unblinded Kit Type.name</arg>
   		</call>
   		
   		   <call refobjectid="unlabeledInstance" method="addMappedPropertyDefinition">
   			<arg type="com.as.drug.core.domainobject.manager.datasets.MappedPropertyDefinitionCreator"
   				refobjectid="propAmount"/>
   		</call>
   		
   		<call refobjectid="unlabeledInstance" method="addMappedPropertyDefinition">
   			<arg type="com.as.drug.core.domainobject.manager.datasets.MappedPropertyDefinitionCreator"
   				refobjectid="propVerificationCode"/>
   		</call>
   		
   		 <call refobjectid="unlabeledInstance" method="addMappedPropertyDefinition">
   			<arg type="com.as.drug.core.domainobject.manager.datasets.MappedPropertyDefinitionCreator"
   				refobjectid="propExpirationDate"/>
   		</call>
   		
   		<call refobjectid="unlabeledInstance" method="addMappedPropertyDefinition">
   			<arg type="com.as.drug.core.domainobject.manager.datasets.MappedPropertyDefinitionCreator"
   				refobjectid="propCount"/>
   		</call>
   		
   		<call refobjectid="unlabeledInstance" method="addMappedPropertyDefinition">
   			<arg type="com.as.drug.core.domainobject.manager.datasets.MappedPropertyDefinitionCreator"
   				refobjectid="propBlockNumber"/>
   		</call>
   		
   		<call refobjectid="unlabeledInstance" method="addMappedPropertyDefinition">
   			<arg type="com.as.drug.core.domainobject.manager.datasets.MappedPropertyDefinitionCreator"
   				refobjectid="propBatchName"/>
   		</call>
   		   		
   		<call refobjectid="unlabeledInstance" method="addMappedPropertyDefinition">
   			<arg type="com.as.drug.core.domainobject.manager.datasets.MappedPropertyDefinitionCreator"
   				refobjectid="propBatchWarehouseBatchName"/>
   		</call>
   		
   		<call refobjectid="unlabeledInstance" method="addMappedPropertyDefinition">
   			<arg type="com.as.drug.core.domainobject.manager.datasets.MappedPropertyDefinitionCreator"
   				refobjectid="propBatchBlocked"/>
   		</call>
   		
   		<call refobjectid="unlabeledInstance" method="addMappedPropertyDefinition">
   			<arg type="com.as.drug.core.domainobject.manager.datasets.MappedPropertyDefinitionCreator"
   				refobjectid="propManufacturingLot"/>
  		</call>
 
 
   		<call refobjectid="unlabeledInstance" method="addMappedPropertyDefinition">
   			<arg type="com.as.drug.core.domainobject.manager.datasets.MappedPropertyDefinitionCreator"
   				refobjectid="propUnblindedKitType"/>
   		</call>
   		
   		<call refobjectid="unlabeledInstance" method="addMappedPropertyPatternDefinition">
   			<arg type="com.as.drug.core.domainobject.manager.datasets.MappedPropertyDefinitionCreator"
   				refobjectid="patternAdditional"/>
   		</call>


   		<call refobjectid="registry" method="put">
      		<arg type="java.lang.String">LABELED</arg>
      		<arg type="com.as.drug.core.domainobject.manager.datasets.DatasetReaderFileTypeCreator" refobjectid="labeledInstance"/>
		</call>
		
		<call refobjectid="registry" method="put">
      		<arg type="java.lang.String">UNLABELED</arg>
      		<arg type="com.as.drug.core.domainobject.manager.datasets.DatasetReaderFileTypeCreator" refobjectid="unlabeledInstance"/>
		</call>
		
		<call refobjectid="registry" method="put">
      		<arg type="java.lang.String">UNPACKAGED_LABELED</arg>
      		<arg type="com.as.drug.core.domainobject.manager.datasets.DatasetReaderFileTypeCreator" refobjectid="unpackagedlabeledInstance"/>
		</call>
   		
   		<create classname="com.as.drug.core.domainobject.manager.datasets.jmx.DatasetReaderAutoloader" objectname=":type=Component,name=DatasetReaderloader">
   		 	<arg type="com.as.drug.core.domainobject.manager.datasets.jmx.DatasetReaderRegistry" refobjectid="registry"/>
		</create>
   </startup>
   
   <shutdown>
      <unregister objectname=":type=Component,name=DatasetReaderloader" />
   </shutdown>
</configuration>