<?xml version="1.0" encoding="ISO-8859-1"?>
<configuration>
   <startup>
   		<object objectid="registry">
   			<new classname="com.as.drug.gui.jmx.GuiOperationRegistry"/>
   		</object>
   		<call refobjectid="registry" method="addOperationCommand">
      		<arg type="java.lang.String">editBatchSubset</arg>
      		<arg type="com.as.drug.gui.commands.TaskCreatorFromRequestCommand">
      			<new classname="com.as.drug.gui.commands.creators.request.EditBatchSubsetTaskCreator"/>
      		</arg>
		</call>
		
	
		 <call refobjectid="registry" method="addOperationCommand">
      		<arg type="java.lang.String">SentBackShipment</arg>
      		<arg type="com.as.drug.gui.commands.TaskCreatorFromRequestCommand">
      			<new classname="com.as.drug.gui.commands.creators.request.SentBackShipmentNumberedKitsTaskCreator"/>
      		</arg>
		</call>
		
		 <call refobjectid="registry" method="addOperationCommand">
      		<arg type="java.lang.String">PendingShipments</arg>
      		<arg type="com.as.drug.gui.commands.TaskCreatorFromRequestCommand">
      			<new classname="com.as.drug.gui.commands.creators.request.PendingShipmentsTaskCreator"/>
      		</arg>
		</call>
		
		<call refobjectid="registry" method="addOperationCommand">
      		<arg type="java.lang.String">SendShipment</arg>
      		<arg type="com.as.drug.gui.commands.TaskCreatorFromRequestCommand">
      			<new classname="com.as.drug.gui.commands.creators.request.SendShipmentTaskCreator"/>
      		</arg>
		</call>
		
		<call refobjectid="registry" method="addOperationCommand">
      		<arg type="java.lang.String">CancelShipment</arg>
      		<arg type="com.as.drug.gui.commands.TaskCreatorFromRequestCommand">
      			<new classname="com.as.drug.gui.commands.creators.request.CancelShipmentTaskCreator"/>
      		</arg>
		</call>
		
		 <call refobjectid="registry" method="addOperationCommand">
      		<arg type="java.lang.String">ResupplyShipment</arg>
      		<arg type="com.as.drug.gui.commands.TaskCreatorFromRequestCommand">
      			<new classname="com.as.drug.gui.commands.creators.request.ResupplyRuleLabeledKitShipmentTaskCreator"/>
      		</arg>
		</call>
		
		 <call refobjectid="registry" method="addOperationCommand">
      		<arg type="java.lang.String">PriorityAssignmentRemove</arg>
      		<arg type="com.as.drug.gui.commands.TaskCreatorFromRequestCommand">
      			<new classname="com.as.drug.gui.commands.creators.request.priorityassignment.PriorityAssignmentRemoveTaskCreator"/>
      		</arg>
		</call>
		
		 <call refobjectid="registry" method="addOperationCommand">
      		<arg type="java.lang.String">PriorityAssignmentUpdate</arg>
      		<arg type="com.as.drug.gui.commands.TaskCreatorFromRequestCommand">
      			<new classname="com.as.drug.gui.commands.creators.request.priorityassignment.PriorityAssignmentUpdateTaskCreator"/>
      		</arg>
		</call>
		
		 <call refobjectid="registry" method="addOperationCommand">
      		<arg type="java.lang.String">PriorityAssignmentNew</arg>
      		<arg type="com.as.drug.gui.commands.TaskCreatorFromRequestCommand">
      			<new classname="com.as.drug.gui.commands.creators.request.priorityassignment.PriorityAssignmentNewTaskCreator"/>
      		</arg>
		</call>	
		
		 <call refobjectid="registry" method="addOperationCommand">
      		<arg type="java.lang.String">PrioritySupplyUpdate</arg>
      		<arg type="com.as.drug.gui.commands.TaskCreatorFromRequestCommand">
      			<new classname="com.as.drug.gui.commands.creators.request.prioritysupply.PrioritySupplyUpdateTaskCreator"/>
      		</arg>
		</call>
		
		<call refobjectid="registry" method="addOperationCommand">
      		<arg type="java.lang.String">PrioritySupplyUpdatePriority</arg>
      		<arg type="com.as.drug.gui.commands.TaskCreatorFromRequestCommand">
      			<new classname="com.as.drug.gui.commands.creators.request.prioritysupply.PrioritySupplyUpdatePriorityTaskCreator"/>
      		</arg>
		</call>
		
		 <call refobjectid="registry" method="addOperationCommand">
      		<arg type="java.lang.String">PrioritySupplyNew</arg>
      		<arg type="com.as.drug.gui.commands.TaskCreatorFromRequestCommand">
      			<new classname="com.as.drug.gui.commands.creators.request.prioritysupply.PrioritySupplyNewTaskCreator"/>
      		</arg>
		</call>
		
		<call refobjectid="registry" method="addOperationCommand">
      		<arg type="java.lang.String">PrioritySupplyUp</arg>
      		<arg type="com.as.drug.gui.commands.TaskCreatorFromRequestCommand">
      			<new classname="com.as.drug.gui.commands.creators.request.prioritysupply.PrioritySupplyUpTaskCreator"/>
      		</arg>
		</call>
		
		<call refobjectid="registry" method="addOperationCommand">
      		<arg type="java.lang.String">PrioritySupplyDown</arg>
      		<arg type="com.as.drug.gui.commands.TaskCreatorFromRequestCommand">
      			<new classname="com.as.drug.gui.commands.creators.request.prioritysupply.PrioritySupplyDownTaskCreator"/>
      		</arg>
		</call>
		
		<call refobjectid="registry" method="addOperationCommand">
      		<arg type="java.lang.String">PrioritySupplyRemove</arg>
      		<arg type="com.as.drug.gui.commands.TaskCreatorFromRequestCommand">
      			<new classname="com.as.drug.gui.commands.creators.request.prioritysupply.PrioritySupplyRemoveTaskCreator"/>
      		</arg>
		</call>
		
		 <call refobjectid="registry" method="addOperationCommand">
      		<arg type="java.lang.String">CohortConfigurationRemove</arg>
      		<arg type="com.as.drug.gui.commands.TaskCreatorFromRequestCommand">
      			<new classname="com.as.drug.gui.commands.creators.request.cohortconfiguration.CohortConfigurationRemoveTaskCreator"/>
      		</arg>
		</call>		
		
		 <call refobjectid="registry" method="addOperationCommand">
      		<arg type="java.lang.String">CohortConfiguration</arg>
      		<arg type="com.as.drug.gui.commands.TaskCreatorFromRequestCommand">
      			<new classname="com.as.drug.gui.commands.creators.request.cohortconfiguration.CohortConfigurationUpdateTaskCreator"/>
      		</arg>
		</call>
		<call refobjectid="registry" method="addOperationCommand">
      		<arg type="java.lang.String">CohortConfigurationNew</arg>
      		<arg type="com.as.drug.gui.commands.TaskCreatorFromRequestCommand">
      			<new classname="com.as.drug.gui.commands.creators.request.cohortconfiguration.CohortConfigurationNewTaskCreator"/>
      		</arg>
		</call>				

   		 <call refobjectid="registry" method="addOperationCommand">
      		<arg type="java.lang.String">FactorValueNew</arg>
      		<arg type="com.as.drug.gui.commands.TaskCreatorFromRequestCommand">
      			<new classname="com.as.drug.gui.commands.creators.request.factorvalue.FactorValueNewTaskCreator"/>
      		</arg>
		</call>

   		 <call refobjectid="registry" method="addOperationCommand">
      		<arg type="java.lang.String">FactorValue</arg>
      		<arg type="com.as.drug.gui.commands.TaskCreatorFromRequestCommand">
      			<new classname="com.as.drug.gui.commands.creators.request.factorvalue.FactorValueUpdateTaskCreator"/>
      		</arg>
		</call>

   		 <call refobjectid="registry" method="addOperationCommand">
      		<arg type="java.lang.String">FactorValueRemove</arg>
      		<arg type="com.as.drug.gui.commands.TaskCreatorFromRequestCommand">
      			<new classname="com.as.drug.gui.commands.creators.request.factorvalue.FactorValueRemoveTaskCreator"/>
      		</arg>
		</call>
		
		  <call refobjectid="registry" method="addOperationCommand">
      		<arg type="java.lang.String">FactorConfigurationNew</arg>
      		<arg type="com.as.drug.gui.commands.TaskCreatorFromRequestCommand">
      			<new classname="com.as.drug.gui.commands.creators.request.factorconfiguration.FactorConfigurationNewTaskCreator"/>
      		</arg>
		</call>

   		 <call refobjectid="registry" method="addOperationCommand">
      		<arg type="java.lang.String">FactorConfiguration</arg>
      		<arg type="com.as.drug.gui.commands.TaskCreatorFromRequestCommand">
      			<new classname="com.as.drug.gui.commands.creators.request.factorconfiguration.FactorConfigurationUpdateTaskCreator"/>
      		</arg>
		</call>

   		 <call refobjectid="registry" method="addOperationCommand">
      		<arg type="java.lang.String">FactorConfigurationRemove</arg>
      		<arg type="com.as.drug.gui.commands.TaskCreatorFromRequestCommand">
      			<new classname="com.as.drug.gui.commands.creators.request.factorconfiguration.FactorConfigurationRemoveTaskCreator"/>
      		</arg>
		</call>
		
		 <call refobjectid="registry" method="addOperationCommand">
      		<arg type="java.lang.String">ScheduleConfigurationNew</arg>
      		<arg type="com.as.drug.gui.commands.TaskCreatorFromRequestCommand">
      			<new classname="com.as.drug.gui.commands.creators.request.scheduleconfiguration.ScheduleConfigurationNewTaskCreator"/>
      		</arg>
		</call>
		
		<call refobjectid="registry" method="addOperationCommand">
      		<arg type="java.lang.String">ScheduleConfigurationUpdate</arg>
      		<arg type="com.as.drug.gui.commands.TaskCreatorFromRequestCommand">
      			<new classname="com.as.drug.gui.commands.creators.request.scheduleconfiguration.ScheduleConfigurationTaskCreator"/>
      		</arg>
		</call>
		
		<call refobjectid="registry" method="addOperationCommand">
      		<arg type="java.lang.String">ScheduleConfigurationRemove</arg>
      		<arg type="com.as.drug.gui.commands.TaskCreatorFromRequestCommand">
      			<new classname="com.as.drug.gui.commands.creators.request.scheduleconfiguration.ScheduleConfigurationRemoveTaskCreator"/>
      		</arg>
		</call>
		
		<call refobjectid="registry" method="addOperationCommand">
      		<arg type="java.lang.String">KitTypeConfiguration</arg>
      		<arg type="com.as.drug.gui.commands.TaskCreatorFromRequestCommand">
      			<new classname="com.as.drug.gui.commands.creators.request.KitTypeConfigurationTaskCreator"/>
      		</arg>
		</call>
		
		<call refobjectid="registry" method="addOperationCommand">
      		<arg type="java.lang.String">kitReplacement</arg>
      		<arg type="com.as.drug.gui.commands.TaskCreatorFromRequestCommand">
      			<new classname="com.as.drug.gui.commands.creators.request.KitReplacementTaskCreator"/>
      		</arg>
		</call>
		
			<call refobjectid="registry" method="addOperationCommand">
      		<arg type="java.lang.String">SaveRandomConfig</arg>
      		<arg type="com.as.drug.gui.commands.TaskCreatorFromRequestCommand">
      			<new classname="com.as.drug.gui.commands.creators.request.SaveRandomConfigTaskCreator"/>
      		</arg>
		</call>
		
		<call refobjectid="registry" method="addOperationCommand">
      		<arg type="java.lang.String">CompleteRandomConfig</arg>
      		<arg type="com.as.drug.gui.commands.TaskCreatorFromRequestCommand">
      			<new classname="com.as.drug.gui.commands.creators.request.CompleteRandomConfigTaskCreator"/>
      		</arg>
		</call>
		
		<call refobjectid="registry" method="addOperationCommand">
      		<arg type="java.lang.String">ManualShipmentCreation</arg>
      		<arg type="com.as.drug.gui.commands.TaskCreatorFromRequestCommand">
      			<new classname="com.as.drug.gui.commands.creators.request.ManualShipmentTaskCreator"/>
      		</arg>
		</call>
		
		<call refobjectid="registry" method="addOperationCommand">
      		<arg type="java.lang.String">ModifyLocationEnrollmentAndStatus</arg>
      		<arg type="com.as.drug.gui.commands.TaskCreatorFromRequestCommand">
      			<new classname="com.as.drug.gui.commands.creators.request.UpdateLocationStatusTaskCreator"/>
      		</arg>
		</call>
		
		<call refobjectid="registry" method="addOperationCommand">
      		<arg type="java.lang.String">editShipmentContentsQuantity</arg>
      		<arg type="com.as.drug.gui.commands.TaskCreatorFromRequestCommand">
      			<new classname="com.as.drug.gui.commands.creators.request.EditShipmentContentsQtyTaskCreator"/>
      		</arg>
		</call>
		
		<call refobjectid="registry" method="addOperationCommand">
      		<arg type="java.lang.String">enrollmentCategoryConfiguration</arg>
      		<arg type="com.as.drug.gui.commands.TaskCreatorFromRequestCommand">
      			<new classname="com.as.drug.gui.commands.creators.request.EnrollmentCategoryTaskCreator"/>
      		</arg>
		</call>
		
		<call refobjectid="registry" method="addOperationCommand">
      		<arg type="java.lang.String">FreeDispenseKits</arg>
      		<arg type="com.as.drug.gui.commands.TaskCreatorFromRequestCommand">
      			<new classname="com.as.drug.gui.commands.creators.request.FreeDispenseTaskCreator"/>
      		</arg>
		</call>

		<call refobjectid="registry" method="addOperationCommand">
      		<arg type="java.lang.String">FreeDispenseNumberedKits</arg>
      		<arg type="com.as.drug.gui.commands.TaskCreatorFromRequestCommand">
      			<new classname="com.as.drug.gui.commands.creators.request.FreeNumberedDispenseTaskCreator"/>
      		</arg>
		</call>

		<call refobjectid="registry" method="addOperationCommand">
      		<arg type="java.lang.String">assessShipmentQty</arg>
      		<arg type="com.as.drug.gui.commands.TaskCreatorFromRequestCommand">
      			<new classname="com.as.drug.gui.commands.creators.request.AssessShipmentQtyTaskCreator"/>
      		</arg>
		</call>
		
		<call refobjectid="registry" method="addOperationCommand">
      		<arg type="java.lang.String">siteOrderConfiguration</arg>
      		<arg type="com.as.drug.gui.commands.TaskCreatorFromRequestCommand">
      			<new classname="com.as.drug.gui.commands.creators.request.SiteOrderConfigurationTaskCreator"/>
      		</arg>
		</call>
		
		<call refobjectid="registry" method="addOperationCommand">
      		<arg type="java.lang.String">changeExpirationDate</arg>
      		<arg type="com.as.drug.gui.commands.TaskCreatorFromRequestCommand">
      			<new classname="com.as.drug.gui.commands.creators.request.ChangeExpirationDateTaskCreator"/>
      		</arg>
		</call>

		<call refobjectid="registry" method="addOperationCommand">
      		<arg type="java.lang.String">GenerateRandomList</arg>
      		<arg type="com.as.drug.gui.commands.TaskCreatorFromRequestCommand">
      			<new classname="com.as.drug.gui.commands.creators.request.GenerateRandomListTaskCreator"/>
      		</arg>
		</call>

		<call refobjectid="registry" method="addOperationCommand">
      		<arg type="java.lang.String">SaveRandomListSetting</arg>
      		<arg type="com.as.drug.gui.commands.TaskCreatorFromRequestCommand">
      			<new classname="com.as.drug.gui.commands.creators.request.SaveRandomListConfigTaskCreator"/>
      		</arg>
		</call>
		
		<call refobjectid="registry" method="addOperationCommand">
      		<arg type="java.lang.String">DiscardRandomList</arg>
      		<arg type="com.as.drug.gui.commands.TaskCreatorFromRequestCommand">
      			<new classname="com.as.drug.gui.commands.creators.request.DiscardRandomListTaskCreator"/>
      		</arg>
		</call>
		
		<call refobjectid="registry" method="addOperationCommand">
      		<arg type="java.lang.String">GetOrCreateNewAdaptivRun</arg>
      		<arg type="com.as.drug.gui.commands.TaskCreatorFromRequestCommand">
      			<new classname="com.as.drug.gui.commands.creators.request.GetOrCreateNewAdaptivRunTaskCreator"/>
      		</arg>
		</call>		
		
		<call refobjectid="registry" method="addOperationCommand">
      		<arg type="java.lang.String">SaveDesignConfig</arg>
      		<arg type="com.as.drug.gui.commands.TaskCreatorFromRequestCommand">
      			<new classname="com.as.drug.gui.commands.creators.request.SaveDesignConfigTaskCreator"/>
      		</arg>
		</call>			

		<call refobjectid="registry" method="addOperationCommand">
      		<arg type="java.lang.String">SaveDesignConfigFacts</arg>
      		<arg type="com.as.drug.gui.commands.TaskCreatorFromRequestCommand">
      			<new classname="com.as.drug.gui.commands.creators.request.facts.SaveConfigFactsTaskCreator"/>
      		</arg>
		</call>		
		
		<call refobjectid="registry" method="addOperationCommand">
      		<arg type="java.lang.String">SaveDesignConfigBCM</arg>
      		<arg type="com.as.drug.gui.commands.TaskCreatorFromRequestCommand">
      			<new classname="com.as.drug.gui.commands.creators.request.bcm.SaveConfigBCMTaskCreator"/>
      		</arg>
		</call>	
		
		<call refobjectid="registry" method="addOperationCommand">
      		<arg type="java.lang.String">treatmentarmConfiguration</arg>
      		<arg type="com.as.drug.gui.commands.TaskCreatorFromRequestCommand">
      			<new classname="com.as.drug.gui.commands.creators.request.TreatmentarmConfigurationConfigTaskCreator"/>
      		</arg>
		</call>			

		<call refobjectid="registry" method="addOperationCommand">
      		<arg type="java.lang.String">GeneralSettings</arg>
      		<arg type="com.as.drug.gui.commands.TaskCreatorFromRequestCommand">
      			<new classname="com.as.drug.gui.commands.creators.request.GlobalSettingsConfigurationTaskCreator"/>
      		</arg>
		</call>	
		
		<call refobjectid="registry" method="addOperationCommand">
      		<arg type="java.lang.String">ShipmentFileConfiguration</arg>
      		<arg type="com.as.drug.gui.commands.TaskCreatorFromRequestCommand">
      			<new classname="com.as.drug.gui.commands.creators.request.ShipmentFileConfigurationTaskCreator"/>
      		</arg>
		</call>		
		
		<call refobjectid="registry" method="addOperationCommand">
      		<arg type="java.lang.String">ShipmentAssessment</arg>
      		<arg type="com.as.drug.gui.commands.TaskCreatorFromRequestCommand">
      			<new classname="com.as.drug.gui.commands.creators.request.ShipmentAssessmentTaskCreator"/>
      		</arg>
		</call>		
		
		<call refobjectid="registry" method="addOperationCommand">
      		<arg type="java.lang.String">KitAssessment</arg>
      		<arg type="com.as.drug.gui.commands.TaskCreatorFromRequestCommand">
      			<new classname="com.as.drug.gui.commands.creators.request.KitAssessmentTaskCreator"/>
      		</arg>
		</call>		
		
		<call refobjectid="registry" method="addOperationCommand">
      		<arg type="java.lang.String">ReleaseKitsToBatch</arg>
      		<arg type="com.as.drug.gui.commands.TaskCreatorFromRequestCommand">
      			<new classname="com.as.drug.gui.commands.creators.request.ReleaseKitsToBatchTaskCreator"/>
      		</arg>
		</call>	
		
		<call refobjectid="registry" method="addOperationCommand">
      		<arg type="java.lang.String">AssignProtocol</arg>
      		<arg type="com.as.drug.gui.commands.TaskCreatorFromRequestCommand">
      			<new classname="com.as.drug.gui.commands.creators.request.AssignProtocolToBatchTaskCreator"/>
      		</arg>
		</call>
		<call refobjectid="registry" method="addOperationCommand">
      		<arg type="java.lang.String">RemoveProtocol</arg>
      		<arg type="com.as.drug.gui.commands.TaskCreatorFromRequestCommand">
      			<new classname="com.as.drug.gui.commands.creators.request.RemoveProtocolFromBatchTaskCreator"/>
      		</arg>
		</call>	
		
		<call refobjectid="registry" method="addOperationCommand">
      		<arg type="java.lang.String">ChangeNotification</arg>
      		<arg type="com.as.drug.gui.commands.TaskCreatorFromRequestCommand">
      			<new classname="com.as.drug.gui.commands.creators.request.ChangeNotificationTaskCreator"/>
      		</arg>
		</call>		
		
		<call refobjectid="registry" method="addOperationCommand">
      		<arg type="java.lang.String">RunNotificationNow</arg>
      		<arg type="com.as.drug.gui.commands.TaskCreatorFromRequestCommand">
      			<new classname="com.as.drug.gui.commands.creators.request.RunNotificationNowTaskCreator"/>
      		</arg>
		</call>	
		
		<call refobjectid="registry" method="addOperationCommand">
      		<arg type="java.lang.String">PostAssessShipmentLabeled</arg>
      		<arg type="com.as.drug.gui.commands.TaskCreatorFromRequestCommand">
      			<new classname="com.as.drug.gui.commands.creators.request.PostAssessShipmentLabeledCreator"/>
      		</arg>
		</call>
		
		<call refobjectid="registry" method="addOperationCommand">
      		<arg type="java.lang.String">PostAssessShipmentQty</arg>
      		<arg type="com.as.drug.gui.commands.TaskCreatorFromRequestCommand">
      			<new classname="com.as.drug.gui.commands.creators.request.PostAssessShipmentQtyCreator"/>
      		</arg>
		</call>
		
		<call refobjectid="registry" method="addOperationCommand">
      		<arg type="java.lang.String">NonDrugShipmentCreation</arg>
      		<arg type="com.as.drug.gui.commands.TaskCreatorFromRequestCommand">
      			<new classname="com.as.drug.gui.commands.creators.request.NonDrugShipmentTaskCreator"/>
      		</arg>
		</call>
		
		<call refobjectid="registry" method="addOperationCommand">
			<arg type="java.lang.String">KitVerification</arg>
			<arg type="com.as.drug.gui.commands.TaskCreatorFromRequestCommand">
				<new classname="com.as.drug.gui.commands.creators.request.KitVerificationTaskCreator" />
			</arg>
		</call>
		
   		<create classname="com.as.drug.gui.jmx.GuiOperationAutoloader" objectname=":type=Component,name=DrugSaveRecordRegistry">
   			<arg type="com.as.drug.gui.jmx.GuiOperationRegistry" refobjectid="registry"/>
   		</create>
   		
   </startup>
   
   <shutdown>
      <unregister objectname=":type=Component,name=DrugSaveRecordRegistry" />
   </shutdown>
</configuration>