<?xml version="1.0" encoding="ISO-8859-1"?>
<configuration>
   <startup>
   		<object objectid="registry">
   			<new classname="com.as.drug.core.component.scripts.jmx.ScriptEngineRegistry"/>
   		</object>
   		<call refobjectid="registry" method="addScriptFactory">
      		<arg type="java.lang.String">dose</arg>
      		<arg type="com.as.drug.core.component.scripts.ScriptFactory">
      			<new classname="com.as.drug.core.component.scripts.doses.DoseScriptFactory"/>
      		</arg>
		</call>
		<call refobjectid="registry" method="addScriptFactory">
      		<arg type="java.lang.String">sql</arg>
      		<arg type="com.as.drug.core.component.scripts.ScriptFactory">
      			<new classname="com.as.drug.core.component.scripts.sql.SqlScriptFactory"/>
      		</arg>
		</call>
		<call refobjectid="registry" method="addScriptFactory">
      		<arg type="java.lang.String">sas</arg>
      		<arg type="com.as.drug.core.component.scripts.ScriptFactory">
      			<new classname="com.as.drug.core.component.scripts.sas.DatabaseScriptFactory"/>
      		</arg>
		</call>
		
   		<create classname="com.as.drug.core.component.scripts.jmx.ScriptEnginesAutoloader" objectname=":type=Component,name=ScriptEnginesService">
   			<arg type="com.as.drug.core.component.scripts.jmx.ScriptEngineRegistry" refobjectid="registry"/>
   		</create>
		
   </startup>
   
   <shutdown>
      <unregister objectname=":type=Component,name=ScriptEnginesService" />
   </shutdown>
</configuration>