<?xml version="1.0" encoding="ISO-8859-1"?>
<configuration>
   <startup>
   		<object objectid="registry">
   			<new classname="com.as.drug.core.component.randomization.method.jmx.RndMethodRegistry"/>
   		</object>
   		<call refobjectid="registry" method="addRndMethodFactory">
      		<arg type="com.as.drug.core.component.randomization.method.factories.RndMethodFactory">
      			<new classname="com.as.drug.core.component.randomization.method.factories.RndMethodFactoryCRD"/>
      		</arg>
		</call>
		<call refobjectid="registry" method="addRndMethodFactory">
      		<arg type="com.as.drug.core.component.randomization.method.factories.RndMethodFactory">
      			<new classname="com.as.drug.core.component.randomization.method.factories.RndMethodFactoryPBR"/>
      		</arg>
		</call>
		<call refobjectid="registry" method="addRndMethodFactory">
      		<arg type="com.as.drug.core.component.randomization.method.factories.RndMethodFactory">
      			<new classname="com.as.drug.core.component.randomization.method.factories.RndMethodFactoryBCM"/>
      		</arg>
		</call>
		<call refobjectid="registry" method="addRndMethodFactory">
      		<arg type="com.as.drug.core.component.randomization.method.factories.RndMethodFactory">
      			<new classname="com.as.drug.core.component.randomization.method.factories.RndMethodFactoryFacts"/>
      		</arg>
		</call>
		
   		<create classname="com.as.drug.core.component.randomization.method.jmx.RndMethodAutoloader" objectname=":type=Component,name=RndMethodFactories">
   			<arg type="com.as.drug.core.component.randomization.method.jmx.RndMethodRegistry" refobjectid="registry"/>
   		</create>
		
   </startup>
   
   <shutdown>
      <unregister objectname=":type=Component,name=RndMethodFactories" />
   </shutdown>
</configuration>