<?xml version="1.0" encoding="ISO-8859-1"?>
<configuration>
   <startup>
   		<object objectid="registry">
   			<new classname="com.as.drug.core.component.randomization.numgenerator.jmx.RndNumGeneratorRegistry"/>
   		</object>
   		<call refobjectid="registry" method="addRndNumGeneratorFactory">
      		<arg type="com.as.drug.core.component.randomization.numgenerator.factories.RndNumGeneratorFactory">
      			<new classname="com.as.drug.core.component.randomization.numgenerator.factories.RndNumGeneratorFactoryMT"/>
      		</arg>
		</call>
		
		   <call refobjectid="registry" method="addRndNumGeneratorFactory">
      		<arg type="com.as.drug.core.component.randomization.numgenerator.factories.RndNumGeneratorFactory">
      			<new classname="com.as.drug.core.component.randomization.numgenerator.factories.RndNumGeneratorFactoryWeight"/>
      		</arg>
		</call>
		
   		<create classname="com.as.drug.core.component.randomization.numgenerator.jmx.RndNumGeneratorAutoloader" objectname=":type=Component,name=RndNumGeneratorFactories">
   			<arg type="com.as.drug.core.component.randomization.numgenerator.jmx.RndNumGeneratorRegistry" refobjectid="registry"/>
   		</create>
		
   </startup>
   
   <shutdown>
      <unregister objectname=":type=Component,name=RndNumGeneratorFactories" />
   </shutdown>
</configuration>