<?xml version="1.0" encoding="ISO-8859-1"?>
<configuration>
   <startup>
   		<create classname="com.as.drug.core.component.randomization.accessor.jmx.RndListAccessorAutoloader" objectname=":type=Component,name=RndListAccessor">
   			<arg type="com.as.drug.core.interfacedefinition.RndMethodAdapterAPI">
   				<new classname="com.as.drug.core.crosssection.randomization.ExistingListRandomizationImpl"/>
   			</arg>
   		</create>
		
   </startup>
   
   <shutdown>
      <unregister objectname=":type=Component,name=RndListAccessor" />
   </shutdown>
</configuration>