<?xml version="1.0" encoding="ISO-8859-1"?>
<configuration>
   <startup>
		<object objectid="warehouseconfiguration">
			<new classname="com.as.drug.core.crosssection.resupply.mandatory.WarehouseConfigurationDefaultImpl"/>
		</object>
		
		<object objectid="resupplyrule">
   			<new classname="com.as.drug.core.crosssection.resupply.ResupplyRuleStrategy"/>								
   		</object> 
		
		<object objectid="doNotShipOffsetConditionSite">
			<new classname="com.as.drug.core.crosssection.resupply.conditions.DoNotShipOffsetConditionSite"/>
		</object>
		<object objectid="doNotShipOffsetConditionWarehouse">
			<new classname="com.as.drug.core.crosssection.resupply.conditions.DoNotShipOffsetConditionWarehouse"/>
		</object>
		<object objectid="doNotCountOffsetConditionSite">
			<new classname="com.as.drug.core.crosssection.resupply.conditions.DoNotCountOffsetConditionSite"/>
		</object>
		<object objectid="doNotCountOffsetConditionWarehouse">
			<new classname="com.as.drug.core.crosssection.resupply.conditions.DoNotCountOffsetConditionWarehouse"/>
		</object>
		<object objectid="kitCounter">
			<new classname="com.as.drug.core.crosssection.resupply.countatlocation.KitCounterForLocationDefaultImpl"/>
		</object>
		
		<object objectid="releaseforcountry">
			<new classname="com.as.drug.core.crosssection.resupply.conditions.ReleaseForCountryCondition"/>
		</object>
		
		<object objectid="dispSettingChecker">
			<new classname="com.as.drug.core.crosssection.resupply.settingchecker.DispSettingCheckerImpl"/>
		</object>
		
		<object objectid="shipSettingChecker">
			<new classname="com.as.drug.core.crosssection.resupply.settingchecker.ShipSettingCheckerImpl"/>
		</object>
		
		<object objectid="prioritySupplyLookAheadCalculator">
			<new classname="com.as.drug.core.crosssection.resupply.computation.amounts.PrioritySupplyLookAheadCalculator"/>
		</object>
		
		<object objectid="releaseforproject">
			<new classname="com.as.drug.core.crosssection.resupply.conditions.RestrictToKitProjectCondition"/>
		</object>
   		
		<object objectid="kitsForAutomaticShipment">
			<new classname="com.as.drug.core.crosssection.resupply.computation.KitsForShipmentDefaultImpl"/>
		</object>
		
		<object objectid="kitsForManualShipment">
			<new classname="com.as.drug.core.crosssection.resupply.computation.KitsForShipmentDefaultImpl"/>
		</object>
		
		<object objectid="areEnoughKitsAtLocation">
			<new classname="com.as.drug.core.crosssection.resupply.mandatory.AreEnoughKitsAtLocation"/>
		</object>
		
		<object objectid="mandatoryDelayInitialSupply">
			<new classname="com.as.drug.core.crosssection.resupply.mandatory.MandatoryDelayInitialSupply"/>
		</object>

		<object objectid="checkerForMedicationNeeded">
			<new classname="com.as.drug.core.crosssection.resupply.computation.CheckerForMedicationNeededDefaultImpl"/>
		</object>
		
		<object objectid="fillAmountForAutomaticShipment">
			<new classname="com.as.drug.core.crosssection.resupply.computation.FillAmountForAutomaticShipmentDefaultImpl"/>
		</object>
		
		<object objectid="minStockCalculator">
			<new classname="com.as.drug.core.crosssection.resupply.computation.amounts.MinStockCalculatorWrapper"/>
		</object>
		
		<object objectid="minLookAheadCalculator">
			<new classname="com.as.drug.core.crosssection.resupply.computation.amounts.MinLookAheadCalculatorWrapper"/>
		</object>
		
		<object objectid="maxStockCalculator">
			<new classname="com.as.drug.core.crosssection.resupply.computation.amounts.MaxStockCalculatorWrapper"/>
		</object>
		
		<object objectid="maxLookAheadCalculator">
			<new classname="com.as.drug.core.crosssection.resupply.computation.amounts.MaxLookAheadCalculatorWrapper"/>
		</object>
		
		<object objectid="includeExtraKitLogic">
			<new classname="com.as.drug.core.crosssection.resupply.computation.amounts.IncludeExtraKitLogic"/>
		</object>
		
		<object objectid="requestKitForPatient">
			<new classname="com.as.drug.core.crosssection.resupply.request.kit.RequestKitForPatientDefault"/>
		</object>
		
		<object objectid="defaultDispenseOrderCondition">
			<new classname="com.as.drug.core.crosssection.resupply.conditions.DefaultDispenseOrderCondition"/>
		</object>
		
		<object objectid="defaultShippingOrderCondition">
			<new classname="com.as.drug.core.crosssection.resupply.conditions.DefaultShippingOrderCondition"/>
		</object>
		
		<!--  Grouping checks that have to be performed for each site, sub-site and central pharmacy -->
		<object objectid="mandatoryChecksAll">
			<new classname="com.as.drug.core.crosssection.resupply.mandatory.MandatoryCheckGroup">
				<arg type="java.lang.String">Mandatory Check Group sub-result</arg>
			</new>
		</object>
		
		<object objectid="blockKitTypeSupply">
			<new classname="com.as.drug.core.crosssection.resupply.mandatory.MandatoryBlockInitialSupply"/>
		</object>
		
		<object objectid="mandatoryLocationStatus">
			<new classname="com.as.drug.core.crosssection.resupply.mandatory.MandatoryLocationStatus"/>
		</object>
		
		<call method="addMandatoryCheck" refobjectid="mandatoryChecksAll">
			<arg type="com.as.drug.core.crosssection.resupply.mandatory.MandatoryCheck" refobjectid="mandatoryDelayInitialSupply" />
		</call>
		
		<call method="addMandatoryCheck" refobjectid="mandatoryChecksAll">
			<arg type="com.as.drug.core.crosssection.resupply.mandatory.MandatoryCheck" refobjectid="mandatoryLocationStatus" />
		</call>
		
		<call method="addMandatoryCheck" refobjectid="mandatoryChecksAll">
			<arg type="com.as.drug.core.crosssection.resupply.mandatory.MandatoryCheck" refobjectid="blockKitTypeSupply" />
		</call>
		
		<call method="addFillCondition" refobjectid="kitsForAutomaticShipment">
			<arg type="com.as.drug.persistence.CriteriaCondition" >
				<new classname="com.as.drug.core.crosssection.resupply.conditions.BaseQualityFillCritera"/>
			</arg>
		</call>				
		<call method="addFillCondition" refobjectid="kitsForAutomaticShipment">
			<arg type="com.as.drug.persistence.CriteriaCondition" refobjectid="releaseforcountry"/>
		</call>
		<call method="addFillCondition" refobjectid="kitsForAutomaticShipment">
			<arg type="com.as.drug.persistence.CriteriaCondition" refobjectid="releaseforproject"/>
		</call>
		<call method="addFillCondition" refobjectid="kitsForAutomaticShipment">
			<arg type="com.as.drug.persistence.CriteriaCondition" refobjectid="doNotShipOffsetConditionSite"/>
		</call>				
		<call method="addFillCondition" refobjectid="kitsForAutomaticShipment">
			<arg type="com.as.drug.persistence.CriteriaCondition" refobjectid="doNotShipOffsetConditionWarehouse"/>
		</call>
		<call method="addUnblindedKitTypeFillCondtion" refobjectid="kitsForAutomaticShipment">
			<arg type="com.as.drug.persistence.UnblindedKitTypeCriteriaCondition" refobjectid="defaultShippingOrderCondition"/>
		</call>	
		
		<call method="addFillCondition" refobjectid="kitsForManualShipment">
			<arg type="com.as.drug.persistence.CriteriaCondition" >
				<new classname="com.as.drug.core.crosssection.resupply.conditions.BaseQualityFillCritera"/>
			</arg>
		</call>				
		<call method="addFillCondition" refobjectid="kitsForManualShipment">
			<arg type="com.as.drug.persistence.CriteriaCondition" refobjectid="doNotShipOffsetConditionSite"/>
		</call>				
		<call method="addFillCondition" refobjectid="kitsForManualShipment">
			<arg type="com.as.drug.persistence.CriteriaCondition" refobjectid="doNotShipOffsetConditionWarehouse"/>
		</call>
		<call method="addUnblindedKitTypeFillCondtion" refobjectid="kitsForManualShipment">
			<arg type="com.as.drug.persistence.UnblindedKitTypeCriteriaCondition" refobjectid="defaultShippingOrderCondition"/>
		</call>
		<call method="addFillCondition" refobjectid="kitsForManualShipment">
			<arg type="com.as.drug.persistence.CriteriaCondition" refobjectid="releaseforproject"/>
		</call>
	

		<call method="addCountCondition" refobjectid="kitCounter">
			<arg type="com.as.drug.persistence.CriteriaCondition" >
				<new classname="com.as.drug.core.crosssection.resupply.conditions.BaseQualityCountCriteria"/>
			</arg>
		</call>
		<call method="addCountCondition" refobjectid="kitCounter">
			<arg type="com.as.drug.persistence.CriteriaCondition" refobjectid="doNotCountOffsetConditionSite"/>
		</call>
		<call method="addCountCondition" refobjectid="kitCounter">
			<arg type="com.as.drug.persistence.CriteriaCondition" refobjectid="doNotCountOffsetConditionWarehouse"/>
		</call>
		

		
		<call method="addMandatoryCheck" refobjectid="checkerForMedicationNeeded">
			<arg type="com.as.drug.core.crosssection.resupply.mandatory.MandatoryCheck" >
				<new classname="com.as.drug.core.crosssection.resupply.mandatory.MandatoryAvoidReturn"/>
			</arg>
		</call>
		<call method="addMandatoryCheck" refobjectid="checkerForMedicationNeeded">
			<arg type="com.as.drug.core.crosssection.resupply.mandatory.MandatoryCheck" refobjectid="mandatoryChecksAll" />
		</call>
		
		<call method="addMandatoryCheck" refobjectid="checkerForMedicationNeeded">
			<arg type="com.as.drug.core.crosssection.resupply.mandatory.MandatoryCheck" >
				<new classname="com.as.drug.core.crosssection.resupply.mandatory.ConfiguredDeliveryRelation"/>
			</arg>
		</call>
		
		<call method="addMandatoryCheck" refobjectid="checkerForMedicationNeeded">
			<arg type="com.as.drug.core.crosssection.resupply.mandatory.MandatoryCheck" refobjectid="warehouseconfiguration"/>
		</call>
		<call method="addMandatoryCheck" refobjectid="checkerForMedicationNeeded">
			<arg type="com.as.drug.core.crosssection.resupply.mandatory.MandatoryCheck" refobjectid="areEnoughKitsAtLocation"/>
		</call>
		
		<call method="addMandatoryBlockerCheck" refobjectid="fillAmountForAutomaticShipment">
			<arg type="java.lang.String">All Default Checks</arg>
			<arg type="com.as.drug.core.crosssection.resupply.mandatory.MandatoryCheck" refobjectid="mandatoryChecksAll"/>
		</call>
		
		<call method="setAmountCalculator" refobjectid="minLookAheadCalculator">
			<arg type="com.as.drug.core.crosssection.resupply.computation.amounts.AmountCalculator" refobjectid="minStockCalculator"/>
		</call>
		
		<call method="addSubSiteCheck" refobjectid="minLookAheadCalculator">
			<arg type="com.as.drug.core.crosssection.resupply.mandatory.MandatoryCheck" refobjectid="mandatoryChecksAll"/>
		</call>
		
		<call method="setPrioritySupplyLookAheadCalculator" refobjectid="minLookAheadCalculator">
			<arg type="com.as.drug.core.crosssection.resupply.computation.amounts.PrioritySupplyLookAheadCalculator" refobjectid="prioritySupplyLookAheadCalculator"/>
		</call>
		
		<call method="setAmountCalculator" refobjectid="areEnoughKitsAtLocation">
			<arg type="com.as.drug.core.crosssection.resupply.computation.amounts.AmountCalculator" refobjectid="minLookAheadCalculator"/>
		</call>
				
		<call method="setKitCounterForLocation" refobjectid="areEnoughKitsAtLocation">
			<arg type="com.as.drug.core.crosssection.resupply.countatlocation.KitCounterForLocation" refobjectid="kitCounter"/>
		</call>


		<call method="setPriorCountAmountCalculator" refobjectid="fillAmountForAutomaticShipment">
			<arg type="com.as.drug.core.crosssection.resupply.computation.amounts.AmountCalculator" refobjectid="maxLookAheadCalculator"/>
		</call>
		
		<call method="setAmountCalculator" refobjectid="maxLookAheadCalculator">
			<arg type="com.as.drug.core.crosssection.resupply.computation.amounts.AmountCalculator" refobjectid="maxStockCalculator"/>
		</call>
		
		<call method="addSubSiteCheck" refobjectid="maxLookAheadCalculator">
			<arg type="com.as.drug.core.crosssection.resupply.mandatory.MandatoryCheck" refobjectid="mandatoryChecksAll"/>
		</call>
		
		<call method="setPrioritySupplyLookAheadCalculator" refobjectid="maxLookAheadCalculator">
			<arg type="com.as.drug.core.crosssection.resupply.computation.amounts.PrioritySupplyLookAheadCalculator" refobjectid="prioritySupplyLookAheadCalculator"/>
		</call>
		
		<call method="setKitCounterForLocation" refobjectid="fillAmountForAutomaticShipment">
			<arg type="com.as.drug.core.crosssection.resupply.countatlocation.KitCounterForLocation" refobjectid="kitCounter"/>
		</call>
		<call method="setCheckerForMedicationNeeded" refobjectid="fillAmountForAutomaticShipment">
			<arg type="com.as.drug.core.crosssection.resupply.computation.CheckerForMedicationNeeded" refobjectid="checkerForMedicationNeeded"/>
		</call>
		
		<call method="addDispenseCondition" refobjectid="requestKitForPatient">
			<arg type="java.lang.String">dispenseCondition</arg>
			<arg type="com.as.drug.persistence.CriteriaCondition">
				<new classname="com.as.drug.core.crosssection.resupply.conditions.DispensableKitCondition"/>
			</arg>
		</call>
		<call method="addUnblindedKitTypeDispenseCondition" refobjectid="requestKitForPatient">
			<arg type="com.as.drug.persistence.UnblindedKitTypeCriteriaCondition" refobjectid="defaultDispenseOrderCondition"/>
		</call>
		
		<call method="setName" refobjectid="resupplyrule">
			<arg type="java.lang.String">Threshold and Look Ahead</arg>
		</call>
		<call method="setDescription" refobjectid="resupplyrule">
			<arg type="java.lang.String">IWRS Core Resupply Rule, which triggers resupply according to a defined stock threshold (Min value). Additional a look ahead trigger can be set, to have in addition enough kits for a given time frame. The Resupply Rule will fill the stock of the supplied location up to a Max-value. An initial supply value may be set separately. The resupply will further add kits according to a look ahead time frame (greater or equal to the tiggering) that takes into account kits dispensed at scheduled visits.</arg>
		</call>
		
		<call method="setCheckerForMedicationNeeded" refobjectid="resupplyrule">
			<arg type="com.as.drug.core.crosssection.resupply.computation.CheckerForMedicationNeeded" refobjectid="checkerForMedicationNeeded"/>
		</call>
		
		
		<call method="setRequestKitForPatientCommand" refobjectid="resupplyrule">
			<arg type="com.as.drug.core.crosssection.resupply.request.kit.RequestKitForPatientCommand" refobjectid="requestKitForPatient"/>
		</call>
		
		<call method="setExpirationCheckerCommand" refobjectid="resupplyrule">
			<arg type="com.as.drug.core.crosssection.resupply.expiration.ExpirationCheckerCommand">
				<new classname="com.as.drug.core.crosssection.resupply.expiration.ExpirationCheckerDefault"/>
			</arg>
		</call>
		<call method="setWarehouseConfiguration" refobjectid="resupplyrule">
			<arg type="com.as.drug.core.crosssection.resupply.WarehouseConfiguration" refobjectid="warehouseconfiguration"/>
		</call>
		<call method="setFillAmountForAutomaticShipment" refobjectid="resupplyrule">
			<arg type="com.as.drug.core.crosssection.resupply.computation.FillAmountForAutomaticShipment" refobjectid="fillAmountForAutomaticShipment"/>
		</call>
		<call method="setKitsForAutomaticShipment" refobjectid="resupplyrule">
			<arg type="com.as.drug.core.crosssection.resupply.computation.KitsForShipment" refobjectid="kitsForAutomaticShipment"/>
		</call>
		<call method="setKitsForManualShipment" refobjectid="resupplyrule">
			<arg type="com.as.drug.core.crosssection.resupply.computation.KitsForShipment" refobjectid="kitsForManualShipment"/>
		</call>
		<call method="setIncludeExtraKit" refobjectid="resupplyrule">
			<arg type="com.as.drug.core.crosssection.resupply.computation.amounts.IncludeExtraKitLogic" refobjectid="includeExtraKitLogic"/>
		</call>
		<call method="setCountryConditionFactory" refobjectid="resupplyrule">
			<arg type="com.as.drug.core.crosssection.resupply.conditions.CountryConditionFactory" refobjectid="releaseforcountry"/>
		</call>
		
		<call method="setCountryReleaseConfiguration" refobjectid="resupplyrule">
			<arg type="com.as.drug.core.crosssection.resupply.CountryReleaseConfiguration" refobjectid="releaseforcountry"/>
		</call>
		
		<call method="setShipSettingChecker" refobjectid="resupplyrule">
			<arg type="com.as.drug.core.crosssection.resupply.settingchecker.DispShipSettingChecker" refobjectid="shipSettingChecker"/>
		</call>
		
		<call method="setDispSettingChecker" refobjectid="resupplyrule">
			<arg type="com.as.drug.core.crosssection.resupply.settingchecker.DispShipSettingChecker" refobjectid="dispSettingChecker"/>
		</call>
   	
   	 	<create classname="com.as.drug.core.crosssection.resupply.jmx.ResupplyRuleAutoloader" objectname=":type=Component,name=ResupplyRule">
      		<arg type="com.as.drug.core.crosssection.resupply.ResupplyRule" refobjectid="resupplyrule"/>
       	</create>      		
   </startup>
   
   

   <shutdown>
      <unregister objectname=":type=Component,name=ResupplyRule" />
   </shutdown>
</configuration>