<?xml version="1.0" encoding="ISO-8859-1"?>
<configuration>
   <startup>
   		<create classname="com.as.drug.core.component.shipments.creator.ShipmentCreatorAutoloader" objectname=":type=Component,name=ShipmentCreator">
      		<arg type="com.as.drug.core.component.shipments.creator.ShipmentCreator">
      			<new classname="com.as.drug.core.component.shipments.creator.ShipmentCreatorDefaultImpl"/>
      		</arg>
      	</create>      		
   </startup>
   
   <shutdown>
      <unregister objectname=":type=Component,name=ShipmentCreator" />
   </shutdown>
</configuration>