<?xml version="1.0" encoding="ISO-8859-1"?>
<configuration>
   <startup>
   		<object objectid="component">
   			<new classname="com.as.drug.core.component.roundtrip.ExportSqlModuleDefaultImpl"/>
   		</object>
   		
   		<call method="setSqlExporter" refobjectid="component">
   			<arg type="com.aptivsolutions.aa.utils.sqlexporter.SQLExporter">
				<new classname="com.aptivsolutions.aa.utils.sqlexporter.oracle.OracleSQLExporter"/>	
			</arg>
   		</call>
   		
   		<call method="addConditionDecoratorFactory" refobjectid="component">
   			<arg type="java.lang.String">exclude</arg>
   			<arg type="com.as.drug.core.component.roundtrip.conditions.ConditionDecoratorFactory">
   				<new classname="com.as.drug.core.component.roundtrip.conditions.NotInConditionFactory"/>
   			</arg>
   		</call>
   		
   		<call method="init" refobjectid="component"/>
   
   		<create classname="com.as.drug.core.component.roundtrip.jmx.RoundtripAutoloader" objectname=":type=Component,name=RoundtripModule">
   			<arg type="com.as.drug.core.component.roundtrip.ExportSqlModule" refobjectid="component"/>
      	</create>      		
   </startup>
   
   <shutdown>
      <unregister objectname=":type=Component,name=RoundtripModule" />
   </shutdown>
</configuration>