<?xml version="1.0" encoding="ISO-8859-1"?>
<configuration>
   <startup>
   		
   		<object objectid="component">
   			<new classname="com.as.drug.core.crosssection.notifier.NotificationManagerImpl"/>
   		</object>
   		
   		<object objectid="filgenerator">
   			<new classname="com.as.drug.core.crosssection.notifier.FileGeneratorJasper"/>
   		</object>

   		<call method="setSendMailModule" refobjectid="component">
   			<arg type="com.as.drug.core.crosssection.notifier.SendMailModule">
   				<new classname="com.as.drug.core.crosssection.notifier.SendMailModuleEDCMailerImpl"/>
   			</arg>
   		</call>
   		
   		<call method="setFileGenerator" refobjectid="component">
   			<arg type="com.as.drug.core.crosssection.notifier.FileGenerator" refobjectid="filgenerator"/>
		</call>
		
   		<call method="setFileProcessor" refobjectid="component">
   			<arg type="com.as.drug.core.crosssection.notifier.FileProcessor">
   				<new classname="com.as.drug.core.crosssection.notifier.FileProcessorMailAttachment"/>
   			</arg>
   		</call>
   		
   		<object objectid="requestor52">
	   		<new classname="com.as.drug.core.crosssection.notifier.ReportRequestorJasper52"/>
	   	</object>
	   	
   		<object objectid="requestor62">
	   		<new classname="com.as.drug.core.crosssection.notifier.ReportRequestorJasper62"/>
	   	</object>
   		   		
   		<call refobjectid="filgenerator" method="addServerRequestor">
	   		<arg type="java.lang.String">5.2-</arg>
	   		<arg type="com.as.drug.core.crosssection.notifier.ReportRequestor" refobjectid="requestor52"/>
		</call>
		
   		<call refobjectid="filgenerator" method="addServerRequestor">
	   		<arg type="java.lang.String">5.2+</arg>
	   		<arg type="com.as.drug.core.crosssection.notifier.ReportRequestor" refobjectid="requestor62"/>
		</call>
   		
   		<create classname="com.as.drug.core.crosssection.notifier.jmx.NotificationManagerAutoloader" objectname=":type=Component,name=NotificationManager">
   			<arg type="com.as.drug.core.crosssection.notifier.NotificationManager" refobjectid="component"/>
      	</create>      		
   </startup>
   
   <shutdown>
      <unregister objectname=":type=Component,name=NotificationManager" />
   </shutdown>
</configuration>