<?xml version="1.0" encoding="ISO-8859-1"?>
<configuration>
   <startup>
   		<object objectid="registry">
   			<new classname="com.as.drug.gui.rightframe.tables.jmx.PageTableRegistry"/>
   		</object>

   		<call refobjectid="registry" method="addPageableAdapter">
      		<arg type="java.lang.String">labeledKitsBatch</arg>
      		<arg type="com.as.drug.gui.rightframe.tables.PageableAdapter">
      			<new classname="com.as.drug.gui.rightframe.tables.updatebatchstatus.LabeledKitsBatch"/>
      		</arg>
		</call>
		<call refobjectid="registry" method="addPageableAdapter">
      		<arg type="java.lang.String">unlabeledKitsBatch</arg>
      		<arg type="com.as.drug.gui.rightframe.tables.PageableAdapter">
      			<new classname="com.as.drug.gui.rightframe.tables.updatebatchstatus.UnlabeledKitsBatch"/>
      		</arg>
		</call>
   		<call refobjectid="registry" method="addPageableAdapter">
      		<arg type="java.lang.String">DispenseSchedule</arg>
      		<arg type="com.as.drug.gui.rightframe.tables.PageableAdapter">
      			<new classname="com.as.drug.gui.rightframe.tables.dispenseschedule.DispenseSchedule"/>
      		</arg>
		</call>
		<call refobjectid="registry" method="addPageableAdapter">
      		<arg type="java.lang.String">FactorOverview</arg>
      		<arg type="com.as.drug.gui.rightframe.tables.PageableAdapter">
      			<new classname="com.as.drug.gui.rightframe.tables.factorconfiguration.FactorConfiguration"/>
      		</arg>
		</call>	
		<call refobjectid="registry" method="addPageableAdapter">
      		<arg type="java.lang.String">FactorValueOverview</arg>
      		<arg type="com.as.drug.gui.rightframe.tables.PageableAdapter">
      			<new classname="com.as.drug.gui.rightframe.tables.factorvalue.FactorValueDetail"/>
      		</arg>
		</call>
		<call refobjectid="registry" method="addPageableAdapter">
      		<arg type="java.lang.String">CohortConfiguration</arg>
      		<arg type="com.as.drug.gui.rightframe.tables.PageableAdapter">
      			<new classname="com.as.drug.gui.rightframe.tables.cohortconfiguration.CohortConfiguration"/>
      		</arg>
		</call>
		<call refobjectid="registry" method="addPageableAdapter">
      		<arg type="java.lang.String">PriorityAssignmentDetail</arg>
      		<arg type="com.as.drug.gui.rightframe.tables.PageableAdapter">
      			<new classname="com.as.drug.gui.rightframe.tables.priorityassignment.PriorityAssignmentDetail"/>
      		</arg>
		</call>
		<call refobjectid="registry" method="addPageableAdapter">
      		<arg type="java.lang.String">PrioritySupplyDetail</arg>
      		<arg type="com.as.drug.gui.rightframe.tables.PageableAdapter">
      			<new classname="com.as.drug.gui.rightframe.tables.prioritysupply.PrioritySupplyDetail"/>
      		</arg>
		</call>
		<call refobjectid="registry" method="addPageableAdapter">
      		<arg type="java.lang.String">KitReplacementLabeledKits</arg>
      		<arg type="com.as.drug.gui.rightframe.tables.PageableAdapter">
      			<new classname="com.as.drug.gui.rightframe.tables.kitreplacement.LabeledKits"/>
      		</arg>
		</call>
		<call refobjectid="registry" method="addPageableAdapter">
      		<arg type="java.lang.String">KitReplacementUnlabeledKits</arg>
      		<arg type="com.as.drug.gui.rightframe.tables.PageableAdapter">
      			<new classname="com.as.drug.gui.rightframe.tables.kitreplacement.UnlabeledKits"/>
      		</arg>
		</call>
		<call refobjectid="registry" method="addPageableAdapter">
      		<arg type="java.lang.String">LabeledSendingBackKits</arg>
      		<arg type="com.as.drug.gui.rightframe.tables.PageableAdapter">
      			<new classname="com.as.drug.gui.rightframe.tables.sendingBackKits.LabeledSendingBackKits"/>
      		</arg>
		</call>
		<call refobjectid="registry" method="addPageableAdapter">
      		<arg type="java.lang.String">UnlabeledSendingBackKits</arg>
      		<arg type="com.as.drug.gui.rightframe.tables.PageableAdapter">
      			<new classname="com.as.drug.gui.rightframe.tables.sendingBackKits.UnlabeledSendingBackKits"/>
      		</arg>
		</call>
		<call refobjectid="registry" method="addPageableAdapter">
      		<arg type="java.lang.String">LocationAddressList</arg>
      		<arg type="com.as.drug.gui.rightframe.tables.PageableAdapter">
      			<new classname="com.as.drug.gui.rightframe.tables.updatelocation.LocationAddresses"/>
      		</arg>
		</call>
		<call refobjectid="registry" method="addPageableAdapter">
      		<arg type="java.lang.String">QueuedNotificationsTable</arg>
      		<arg type="com.as.drug.gui.rightframe.tables.PageableAdapter">
      			<new classname="com.as.drug.gui.rightframe.tables.changednotifications.QueuedNotificationsTable"/>
      		</arg>
		</call>
		
		<call refobjectid="registry" method="addPageableAdapter">
      		<arg type="java.lang.String">PostAssessmentUnlabeledKits</arg>
      		<arg type="com.as.drug.gui.rightframe.tables.PageableAdapter">
      			<new classname="com.as.drug.gui.rightframe.tables.postassessment.UnlabeledKits"/>
      		</arg>
		</call>

		<call refobjectid="registry" method="addPageableAdapter">
      		<arg type="java.lang.String">PostAssessmentLabeledKits</arg>
      		<arg type="com.as.drug.gui.rightframe.tables.PageableAdapter">
      			<new classname="com.as.drug.gui.rightframe.tables.postassessment.LabeledKits"/>
      		</arg>
		</call>
		
		<create classname="com.as.drug.gui.rightframe.tables.jmx.PageTableAutoloader" objectname=":type=Component,name=PageTableAutoloader">
   		 	<arg type="com.as.drug.gui.rightframe.tables.jmx.PageTableRegistry" refobjectid="registry"/>
		</create>
   </startup>
   
   <shutdown>
      <unregister objectname=":type=Component,name=PageTableAutoloader" />
   </shutdown>
</configuration>