<?xml version="1.0" encoding="ISO-8859-1"?>
<configuration>
   <startup>
   		<object objectid="registry">
   			<new classname="com.as.drug.gui.drugmenu.jmx.MenuConditionCheckerRegistry"/>
   		</object>

   		<call refobjectid="registry" method="addConditionChecker">
      		<arg type="java.lang.String">existsNumberedKitType</arg>
      		<arg type="com.as.drug.gui.drugmenu.conditionchecker.ConditionChecker">
      			<new classname="com.as.drug.gui.drugmenu.conditionchecker.ExistsNumberedKitTypeChecker"/>
      		</arg>
		</call>
		<call refobjectid="registry" method="addConditionChecker">
      		<arg type="java.lang.String">existsQtyBasedKitTypes</arg>
      		<arg type="com.as.drug.gui.drugmenu.conditionchecker.ConditionChecker">
      			<new classname="com.as.drug.gui.drugmenu.conditionchecker.ExistsQtyBasedKitTypeChecker"/>
      		</arg>
		</call>

   		<object objectid="typeRegistry">
   			<new classname="com.as.drug.gui.drugmenu.jmx.MenuTypeRegistry"/>
   		</object>
		
		<call refobjectid="typeRegistry" method="addTypeProcessor">
      		<arg type="java.lang.String">menuitem</arg>
      		<arg type="com.as.drug.gui.drugmenu.typeprocessor.TypeProcessor">
      			<new classname="com.as.drug.gui.drugmenu.typeprocessor.MenuTypeProcessor"/>
      		</arg>
		</call>
		
		<call refobjectid="typeRegistry" method="addTypeProcessor">
      		<arg type="java.lang.String">button</arg>
      		<arg type="com.as.drug.gui.drugmenu.typeprocessor.TypeProcessor">
      			<new classname="com.as.drug.gui.drugmenu.typeprocessor.ButtonTypeProcessor"/>
      		</arg>
		</call>
		
		<call refobjectid="typeRegistry" method="addTypeProcessor">
      		<arg type="java.lang.String">separator</arg>
      		<arg type="com.as.drug.gui.drugmenu.typeprocessor.TypeProcessor">
      			<new classname="com.as.drug.gui.drugmenu.typeprocessor.SeparatorProcessor"/>
      		</arg>
		</call>
   		
   		<create classname="com.as.drug.gui.drugmenu.jmx.MenuAutoloader" objectname=":type=Component,name=MenuAutoloader">
   		 	<arg type="com.as.drug.gui.drugmenu.jmx.MenuConditionCheckerRegistry" refobjectid="registry"/>
   		 	<arg type="com.as.drug.gui.drugmenu.jmx.MenuTypeRegistry" refobjectid="typeRegistry"/>
		</create>
   </startup>
   
   <shutdown>
      <unregister objectname=":type=Component,name=MenuAutoloader" />
   </shutdown>
</configuration>